texto,label
"Paciente com febre alta e rigidez de nuca, suspeita de meningite.",urgente
"Pequena ferida com sinais iniciais de inflamação, sem pus. Sem histórico médico relevante.",atencao
"Paciente com febre alta e rigidez de nuca, suspeita de meningite. Acompanhado por familiar.",urgente
"Queixa de dor abdominal leve a moderada, sem sinais de alarme. Paciente do sexo masculino, 62 anos.",atencao
"Hemograma completo dentro da normalidade, sem sinais de infecção. Acompanhado por familiar.",normal
"Vacinação de rotina realizada sem intercorrências. Paciente do sexo masculino, 62 anos.",normal
"Paciente comparece para avaliação preventiva anual, tudo normal. Histórico de comorbidades relatado.",normal
"Queixa de dor abdominal leve a moderada, sem sinais de alarme. Acompanhado por familiar.",atencao
Exame oftalmológico de rotina sem achados relevantes.,normal
"Paciente com febre baixa persistente há 3 dias, sem outros sintomas graves.",atencao
"Paciente relata tosse persistente há uma semana, sem falta de ar. Paciente do sexo feminino, 45 anos.",atencao
"Queixa de dor abdominal leve a moderada, sem sinais de alarme. Paciente do sexo masculino, 62 anos.",atencao
"Hemorragia intensa, paciente com sinais de choque hipovolêmico. Sem histórico médico relevante.",urgente
Sinais de acidente vascular cerebral: perda de força e fala arrastada. Acompanhado por familiar.,urgente
"Queixa de dor abdominal leve a moderada, sem sinais de alarme. Paciente do sexo masculino, 62 anos.",atencao
"Raio-x de tórax sem alterações, paciente assintomático. Encaminhado pelo pronto atendimento.",normal
"Paciente relata check-up de rotina, sem queixas relevantes. Acompanhado por familiar.",normal
"Politraumatismo grave após queda de altura, necessita intervenção imediata.",urgente
"Paciente comparece para avaliação preventiva anual, tudo normal. Sem histórico médico relevante.",normal
"Glicemia de jejum levemente alterada, indicado acompanhamento nutricional. Histórico de comorbidades relatado.",atencao
"Sinais vitais instáveis, saturação de oxigênio criticamente baixa. Sem histórico médico relevante.",urgente
Paciente relata cansaço e mal-estar leve nos últimos dias. Histórico de comorbidades relatado.,atencao
"Dor lombar moderada, sem sinais neurológicos associados. Encaminhado pelo pronto atendimento.",atencao
"Glicemia de jejum levemente alterada, indicado acompanhamento nutricional. Acompanhado por familiar.",atencao
"Paciente relata bem-estar geral, sinais vitais normais. Encaminhado pelo pronto atendimento.",normal
"Paciente relata tosse persistente há uma semana, sem falta de ar. Sem histórico médico relevante.",atencao
"Dor lombar moderada, sem sinais neurológicos associados.",atencao
"Paciente relata cansaço e mal-estar leve nos últimos dias. Paciente do sexo feminino, 45 anos.",atencao
"Dor lombar moderada, sem sinais neurológicos associados. Paciente do sexo feminino, 45 anos.",atencao
Paciente com histórico de alergia relata leve reação cutânea. Acompanhado por familiar.,atencao
Sinais de acidente vascular cerebral: perda de força e fala arrastada. Sem histórico médico relevante.,urgente
"Politraumatismo grave após queda de altura, necessita intervenção imediata. Sem histórico médico relevante.",urgente
"Hemorragia intensa, paciente com sinais de choque hipovolêmico. Histórico de comorbidades relatado.",urgente
"Paciente com histórico de alergia relata leve reação cutânea. Paciente do sexo masculino, 62 anos.",atencao
"Exame de sangue dentro dos parâmetros normais, sem alterações significativas.",normal
"Exame indica leve alteração em enzimas hepáticas, necessita reavaliação. Sem histórico médico relevante.",atencao
Sinais de acidente vascular cerebral: perda de força e fala arrastada.,urgente
"Sinais de acidente vascular cerebral: perda de força e fala arrastada. Paciente do sexo feminino, 45 anos.",urgente
"Paciente com febre alta e rigidez de nuca, suspeita de meningite. Encaminhado pelo pronto atendimento.",urgente
Paciente com histórico de alergia relata leve reação cutânea. Histórico de comorbidades relatado.,atencao
"Politraumatismo grave após queda de altura, necessita intervenção imediata. Sem histórico médico relevante.",urgente
"Pequena ferida com sinais iniciais de inflamação, sem pus. Encaminhado pelo pronto atendimento.",atencao
"Trauma craniano grave após acidente, paciente inconsciente. Paciente do sexo masculino, 62 anos.",urgente
"Paciente relata cansaço e mal-estar leve nos últimos dias. Paciente do sexo masculino, 62 anos.",atencao
"Queixa de dor abdominal leve a moderada, sem sinais de alarme. Encaminhado pelo pronto atendimento.",atencao
"Vacinação de rotina realizada sem intercorrências. Paciente do sexo masculino, 62 anos.",normal
Paciente com convulsões recorrentes e perda de consciência. Histórico de comorbidades relatado.,urgente
"Paciente relata bem-estar geral, sinais vitais normais. Acompanhado por familiar.",normal
"Pequena ferida com sinais iniciais de inflamação, sem pus. Paciente do sexo masculino, 62 anos.",atencao
"Dor abdominal súbita e intensa com abdome em tábua, suspeita de abdome agudo. Paciente do sexo feminino, 45 anos.",urgente
"Glicemia de jejum levemente alterada, indicado acompanhamento nutricional.",atencao
"Paciente comparece para avaliação preventiva anual, tudo normal. Acompanhado por familiar.",normal
"Politraumatismo grave após queda de altura, necessita intervenção imediata. Histórico de comorbidades relatado.",urgente
"Sinais vitais instáveis, saturação de oxigênio criticamente baixa. Histórico de comorbidades relatado.",urgente
"Pequena ferida com sinais iniciais de inflamação, sem pus. Histórico de comorbidades relatado.",atencao
"Politraumatismo grave após queda de altura, necessita intervenção imediata. Paciente do sexo feminino, 45 anos.",urgente
"Paciente relata bem-estar geral, sinais vitais normais. Sem histórico médico relevante.",normal
Sinais de acidente vascular cerebral: perda de força e fala arrastada. Encaminhado pelo pronto atendimento.,urgente
"Pequena ferida com sinais iniciais de inflamação, sem pus. Encaminhado pelo pronto atendimento.",atencao
"Resultado de exame de rotina normal, sem necessidade de intervenção. Histórico de comorbidades relatado.",normal
"Politraumatismo grave após queda de altura, necessita intervenção imediata. Histórico de comorbidades relatado.",urgente
"Trauma craniano grave após acidente, paciente inconsciente. Histórico de comorbidades relatado.",urgente
"Hemorragia intensa, paciente com sinais de choque hipovolêmico. Paciente do sexo masculino, 62 anos.",urgente
"Paciente relata tosse persistente há uma semana, sem falta de ar. Paciente do sexo feminino, 45 anos.",atencao
Vacinação de rotina realizada sem intercorrências. Histórico de comorbidades relatado.,normal
"Resultado de exame de rotina normal, sem necessidade de intervenção. Histórico de comorbidades relatado.",normal
"Queixa de dor abdominal leve a moderada, sem sinais de alarme.",atencao
"Paciente relata tosse persistente há uma semana, sem falta de ar. Acompanhado por familiar.",atencao
"Pequena ferida com sinais iniciais de inflamação, sem pus. Paciente do sexo masculino, 62 anos.",atencao
Exame oftalmológico de rotina sem achados relevantes.,normal
"Glicemia de jejum levemente alterada, indicado acompanhamento nutricional. Paciente do sexo feminino, 45 anos.",atencao
"Hemorragia intensa, paciente com sinais de choque hipovolêmico. Histórico de comorbidades relatado.",urgente
Reação alérgica grave com edema de glote e dificuldade respiratória. Acompanhado por familiar.,urgente
"Paciente comparece para avaliação preventiva anual, tudo normal. Acompanhado por familiar.",normal
"Resultado de exame de rotina normal, sem necessidade de intervenção. Paciente do sexo masculino, 62 anos.",normal
"Dor lombar moderada, sem sinais neurológicos associados. Acompanhado por familiar.",atencao
"Dor abdominal súbita e intensa com abdome em tábua, suspeita de abdome agudo.",urgente
"Resultado de exame de rotina normal, sem necessidade de intervenção.",normal
Exame oftalmológico de rotina sem achados relevantes. Histórico de comorbidades relatado.,normal
"Dor abdominal súbita e intensa com abdome em tábua, suspeita de abdome agudo. Acompanhado por familiar.",urgente
"Paciente com febre baixa persistente há 3 dias, sem outros sintomas graves. Histórico de comorbidades relatado.",atencao
"Dor abdominal súbita e intensa com abdome em tábua, suspeita de abdome agudo. Paciente do sexo feminino, 45 anos.",urgente
"Paciente com histórico de alergia relata leve reação cutânea. Paciente do sexo masculino, 62 anos.",atencao
"Queixa de dor abdominal leve a moderada, sem sinais de alarme. Sem histórico médico relevante.",atencao
Paciente relata cansaço e mal-estar leve nos últimos dias. Encaminhado pelo pronto atendimento.,atencao
"Glicemia de jejum levemente alterada, indicado acompanhamento nutricional. Sem histórico médico relevante.",atencao
Paciente com histórico de alergia relata leve reação cutânea.,atencao
Sinais de acidente vascular cerebral: perda de força e fala arrastada. Encaminhado pelo pronto atendimento.,urgente
Reação alérgica grave com edema de glote e dificuldade respiratória. Encaminhado pelo pronto atendimento.,urgente
"Pequena ferida com sinais iniciais de inflamação, sem pus. Histórico de comorbidades relatado.",atencao
"Hemorragia intensa, paciente com sinais de choque hipovolêmico. Acompanhado por familiar.",urgente
"Hemorragia intensa, paciente com sinais de choque hipovolêmico. Paciente do sexo masculino, 62 anos.",urgente
"Trauma craniano grave após acidente, paciente inconsciente. Acompanhado por familiar.",urgente
"Sinais vitais instáveis, saturação de oxigênio criticamente baixa. Paciente do sexo masculino, 62 anos.",urgente
"Hemograma completo dentro da normalidade, sem sinais de infecção. Paciente do sexo masculino, 62 anos.",normal
"Paciente relata check-up de rotina, sem queixas relevantes. Paciente do sexo feminino, 45 anos.",normal
"Queixa de dor abdominal leve a moderada, sem sinais de alarme. Encaminhado pelo pronto atendimento.",atencao
Paciente com convulsões recorrentes e perda de consciência.,urgente
"Trauma craniano grave após acidente, paciente inconsciente. Histórico de comorbidades relatado.",urgente
"Paciente relata tosse persistente há uma semana, sem falta de ar. Histórico de comorbidades relatado.",atencao
"Dor lombar moderada, sem sinais neurológicos associados. Histórico de comorbidades relatado.",atencao
"Politraumatismo grave após queda de altura, necessita intervenção imediata. Paciente do sexo feminino, 45 anos.",urgente
"Politraumatismo grave após queda de altura, necessita intervenção imediata. Paciente do sexo feminino, 45 anos.",urgente
"Resultado de exame de rotina normal, sem necessidade de intervenção. Acompanhado por familiar.",normal
Reação alérgica grave com edema de glote e dificuldade respiratória. Sem histórico médico relevante.,urgente
"Resultado de exame de rotina normal, sem necessidade de intervenção. Acompanhado por familiar.",normal
"Consulta de retorno, paciente estável, sem sintomas novos. Paciente do sexo masculino, 62 anos.",normal
"Sinais de acidente vascular cerebral: perda de força e fala arrastada. Paciente do sexo masculino, 62 anos.",urgente
"Dor abdominal súbita e intensa com abdome em tábua, suspeita de abdome agudo. Paciente do sexo feminino, 45 anos.",urgente
"Politraumatismo grave após queda de altura, necessita intervenção imediata. Paciente do sexo feminino, 45 anos.",urgente
Paciente relata cansaço e mal-estar leve nos últimos dias. Sem histórico médico relevante.,atencao
"Queixa de dor abdominal leve a moderada, sem sinais de alarme.",atencao
"Paciente relata check-up de rotina, sem queixas relevantes. Histórico de comorbidades relatado.",normal
"Vacinação de rotina realizada sem intercorrências. Paciente do sexo masculino, 62 anos.",normal
"Exame de sangue dentro dos parâmetros normais, sem alterações significativas. Paciente do sexo masculino, 62 anos.",normal
"Paciente relata check-up de rotina, sem queixas relevantes. Paciente do sexo masculino, 62 anos.",normal
"Pressão arterial levemente elevada, recomendado acompanhamento. Encaminhado pelo pronto atendimento.",atencao
"Paciente comparece para avaliação preventiva anual, tudo normal. Paciente do sexo feminino, 45 anos.",normal
"Dor abdominal súbita e intensa com abdome em tábua, suspeita de abdome agudo. Histórico de comorbidades relatado.",urgente
"Exame oftalmológico de rotina sem achados relevantes. Paciente do sexo feminino, 45 anos.",normal
"Pressão arterial levemente elevada, recomendado acompanhamento. Paciente do sexo masculino, 62 anos.",atencao
"Raio-x de tórax sem alterações, paciente assintomático. Acompanhado por familiar.",normal
"Hemograma completo dentro da normalidade, sem sinais de infecção. Paciente do sexo feminino, 45 anos.",normal
"Dor abdominal súbita e intensa com abdome em tábua, suspeita de abdome agudo. Acompanhado por familiar.",urgente
"Paciente comparece para avaliação preventiva anual, tudo normal. Histórico de comorbidades relatado.",normal
Sinais de acidente vascular cerebral: perda de força e fala arrastada.,urgente
"Paciente com febre baixa persistente há 3 dias, sem outros sintomas graves. Encaminhado pelo pronto atendimento.",atencao
Sinais de acidente vascular cerebral: perda de força e fala arrastada. Acompanhado por familiar.,urgente
"Queixa de dor abdominal leve a moderada, sem sinais de alarme. Acompanhado por familiar.",atencao
"Resultado de exame de rotina normal, sem necessidade de intervenção. Paciente do sexo feminino, 45 anos.",normal
"Exame de sangue dentro dos parâmetros normais, sem alterações significativas. Acompanhado por familiar.",normal
"Dor lombar moderada, sem sinais neurológicos associados. Paciente do sexo feminino, 45 anos.",atencao
Paciente apresenta dor torácica intensa e falta de ar súbita. Acompanhado por familiar.,urgente
"Paciente com histórico de alergia relata leve reação cutânea. Paciente do sexo masculino, 62 anos.",atencao
"Paciente apresenta dor torácica intensa e falta de ar súbita. Paciente do sexo feminino, 45 anos.",urgente
"Paciente com febre baixa persistente há 3 dias, sem outros sintomas graves. Paciente do sexo masculino, 62 anos.",atencao
Paciente apresenta dor torácica intensa e falta de ar súbita. Acompanhado por familiar.,urgente
"Trauma craniano grave após acidente, paciente inconsciente. Paciente do sexo feminino, 45 anos.",urgente
Reação alérgica grave com edema de glote e dificuldade respiratória. Histórico de comorbidades relatado.,urgente
"Sinais de acidente vascular cerebral: perda de força e fala arrastada. Paciente do sexo masculino, 62 anos.",urgente
"Paciente relata check-up de rotina, sem queixas relevantes. Paciente do sexo masculino, 62 anos.",normal
"Pressão arterial levemente elevada, recomendado acompanhamento. Paciente do sexo masculino, 62 anos.",atencao
"Hemograma completo dentro da normalidade, sem sinais de infecção. Encaminhado pelo pronto atendimento.",normal
"Hemograma completo dentro da normalidade, sem sinais de infecção. Sem histórico médico relevante.",normal
Vacinação de rotina realizada sem intercorrências. Sem histórico médico relevante.,normal
Vacinação de rotina realizada sem intercorrências. Sem histórico médico relevante.,normal
"Consulta de retorno, paciente estável, sem sintomas novos. Paciente do sexo feminino, 45 anos.",normal
Paciente com histórico de alergia relata leve reação cutânea. Acompanhado por familiar.,atencao
"Dor abdominal súbita e intensa com abdome em tábua, suspeita de abdome agudo. Encaminhado pelo pronto atendimento.",urgente
Vacinação de rotina realizada sem intercorrências. Encaminhado pelo pronto atendimento.,normal
Paciente com convulsões recorrentes e perda de consciência. Histórico de comorbidades relatado.,urgente
"Pressão arterial levemente elevada, recomendado acompanhamento.",atencao
Reação alérgica grave com edema de glote e dificuldade respiratória.,urgente
"Exame de sangue dentro dos parâmetros normais, sem alterações significativas. Encaminhado pelo pronto atendimento.",normal
Vacinação de rotina realizada sem intercorrências. Histórico de comorbidades relatado.,normal
"Hemorragia intensa, paciente com sinais de choque hipovolêmico. Acompanhado por familiar.",urgente
Paciente com convulsões recorrentes e perda de consciência. Acompanhado por familiar.,urgente
"Paciente com febre baixa persistente há 3 dias, sem outros sintomas graves. Paciente do sexo masculino, 62 anos.",atencao
Exame oftalmológico de rotina sem achados relevantes.,normal
Paciente com histórico de alergia relata leve reação cutânea. Histórico de comorbidades relatado.,atencao
"Paciente relata tosse persistente há uma semana, sem falta de ar. Paciente do sexo feminino, 45 anos.",atencao
"Queixa de dor abdominal leve a moderada, sem sinais de alarme.",atencao
"Paciente com febre baixa persistente há 3 dias, sem outros sintomas graves. Paciente do sexo masculino, 62 anos.",atencao
"Exame indica leve alteração em enzimas hepáticas, necessita reavaliação. Histórico de comorbidades relatado.",atencao
"Pressão arterial levemente elevada, recomendado acompanhamento. Acompanhado por familiar.",atencao
Paciente com convulsões recorrentes e perda de consciência. Histórico de comorbidades relatado.,urgente
"Pequena ferida com sinais iniciais de inflamação, sem pus.",atencao
"Paciente com histórico de alergia relata leve reação cutânea. Paciente do sexo masculino, 62 anos.",atencao
"Queixa de dor abdominal leve a moderada, sem sinais de alarme. Paciente do sexo masculino, 62 anos.",atencao
Paciente relata cansaço e mal-estar leve nos últimos dias. Histórico de comorbidades relatado.,atencao
"Dor lombar moderada, sem sinais neurológicos associados. Acompanhado por familiar.",atencao
"Exame de sangue dentro dos parâmetros normais, sem alterações significativas. Paciente do sexo masculino, 62 anos.",normal
Paciente apresenta dor torácica intensa e falta de ar súbita. Acompanhado por familiar.,urgente
"Exame indica leve alteração em enzimas hepáticas, necessita reavaliação. Paciente do sexo masculino, 62 anos.",atencao
Exame oftalmológico de rotina sem achados relevantes.,normal
"Hemograma completo dentro da normalidade, sem sinais de infecção. Sem histórico médico relevante.",normal
"Paciente comparece para avaliação preventiva anual, tudo normal. Paciente do sexo masculino, 62 anos.",normal
"Resultado de exame de rotina normal, sem necessidade de intervenção. Histórico de comorbidades relatado.",normal
"Hemorragia intensa, paciente com sinais de choque hipovolêmico.",urgente
"Queixa de dor abdominal leve a moderada, sem sinais de alarme. Encaminhado pelo pronto atendimento.",atencao
"Hemorragia intensa, paciente com sinais de choque hipovolêmico. Paciente do sexo feminino, 45 anos.",urgente
"Consulta de retorno, paciente estável, sem sintomas novos. Encaminhado pelo pronto atendimento.",normal
"Resultado de exame de rotina normal, sem necessidade de intervenção. Histórico de comorbidades relatado.",normal
"Pequena ferida com sinais iniciais de inflamação, sem pus. Encaminhado pelo pronto atendimento.",atencao
"Dor abdominal súbita e intensa com abdome em tábua, suspeita de abdome agudo. Histórico de comorbidades relatado.",urgente
"Paciente com febre alta e rigidez de nuca, suspeita de meningite. Paciente do sexo masculino, 62 anos.",urgente
"Paciente relata bem-estar geral, sinais vitais normais.",normal
"Paciente apresenta dor torácica intensa e falta de ar súbita. Paciente do sexo feminino, 45 anos.",urgente
Paciente com convulsões recorrentes e perda de consciência. Histórico de comorbidades relatado.,urgente
"Raio-x de tórax sem alterações, paciente assintomático. Encaminhado pelo pronto atendimento.",normal
"Exame indica leve alteração em enzimas hepáticas, necessita reavaliação.",atencao
"Hemograma completo dentro da normalidade, sem sinais de infecção. Encaminhado pelo pronto atendimento.",normal
"Exame de sangue dentro dos parâmetros normais, sem alterações significativas. Encaminhado pelo pronto atendimento.",normal
"Paciente com febre alta e rigidez de nuca, suspeita de meningite.",urgente
"Paciente relata bem-estar geral, sinais vitais normais. Paciente do sexo masculino, 62 anos.",normal
"Paciente relata check-up de rotina, sem queixas relevantes. Sem histórico médico relevante.",normal
"Hemograma completo dentro da normalidade, sem sinais de infecção. Acompanhado por familiar.",normal
"Paciente comparece para avaliação preventiva anual, tudo normal. Acompanhado por familiar.",normal
Sinais de acidente vascular cerebral: perda de força e fala arrastada. Histórico de comorbidades relatado.,urgente
"Glicemia de jejum levemente alterada, indicado acompanhamento nutricional. Histórico de comorbidades relatado.",atencao
Reação alérgica grave com edema de glote e dificuldade respiratória.,urgente
"Dor abdominal súbita e intensa com abdome em tábua, suspeita de abdome agudo. Paciente do sexo feminino, 45 anos.",urgente
"Paciente relata bem-estar geral, sinais vitais normais.",normal
"Resultado de exame de rotina normal, sem necessidade de intervenção. Histórico de comorbidades relatado.",normal
Paciente com convulsões recorrentes e perda de consciência. Acompanhado por familiar.,urgente
"Hemorragia intensa, paciente com sinais de choque hipovolêmico. Histórico de comorbidades relatado.",urgente
"Paciente com febre alta e rigidez de nuca, suspeita de meningite. Paciente do sexo feminino, 45 anos.",urgente
"Paciente relata bem-estar geral, sinais vitais normais. Paciente do sexo feminino, 45 anos.",normal
"Dor lombar moderada, sem sinais neurológicos associados. Sem histórico médico relevante.",atencao
"Resultado de exame de rotina normal, sem necessidade de intervenção. Sem histórico médico relevante.",normal
"Paciente relata check-up de rotina, sem queixas relevantes. Acompanhado por familiar.",normal
Paciente com convulsões recorrentes e perda de consciência.,urgente
"Paciente com febre baixa persistente há 3 dias, sem outros sintomas graves. Encaminhado pelo pronto atendimento.",atencao
"Dor abdominal súbita e intensa com abdome em tábua, suspeita de abdome agudo.",urgente
"Politraumatismo grave após queda de altura, necessita intervenção imediata.",urgente
Exame oftalmológico de rotina sem achados relevantes. Acompanhado por familiar.,normal
Paciente com histórico de alergia relata leve reação cutânea. Histórico de comorbidades relatado.,atencao
"Paciente relata check-up de rotina, sem queixas relevantes. Paciente do sexo masculino, 62 anos.",normal
"Paciente comparece para avaliação preventiva anual, tudo normal. Sem histórico médico relevante.",normal
"Queixa de dor abdominal leve a moderada, sem sinais de alarme. Sem histórico médico relevante.",atencao
"Raio-x de tórax sem alterações, paciente assintomático. Sem histórico médico relevante.",normal
"Paciente relata check-up de rotina, sem queixas relevantes. Paciente do sexo masculino, 62 anos.",normal
"Consulta de retorno, paciente estável, sem sintomas novos. Acompanhado por familiar.",normal
"Raio-x de tórax sem alterações, paciente assintomático. Acompanhado por familiar.",normal
Paciente com convulsões recorrentes e perda de consciência.,urgente
"Paciente com febre alta e rigidez de nuca, suspeita de meningite.",urgente
"Queixa de dor abdominal leve a moderada, sem sinais de alarme. Encaminhado pelo pronto atendimento.",atencao
"Dor abdominal súbita e intensa com abdome em tábua, suspeita de abdome agudo. Paciente do sexo masculino, 62 anos.",urgente
"Sinais vitais instáveis, saturação de oxigênio criticamente baixa. Paciente do sexo masculino, 62 anos.",urgente
"Raio-x de tórax sem alterações, paciente assintomático. Paciente do sexo feminino, 45 anos.",normal
"Paciente com febre alta e rigidez de nuca, suspeita de meningite. Paciente do sexo feminino, 45 anos.",urgente
"Glicemia de jejum levemente alterada, indicado acompanhamento nutricional. Paciente do sexo feminino, 45 anos.",atencao
"Paciente com febre alta e rigidez de nuca, suspeita de meningite. Sem histórico médico relevante.",urgente
Reação alérgica grave com edema de glote e dificuldade respiratória. Sem histórico médico relevante.,urgente
Reação alérgica grave com edema de glote e dificuldade respiratória. Acompanhado por familiar.,urgente
"Raio-x de tórax sem alterações, paciente assintomático. Histórico de comorbidades relatado.",normal
"Sinais de acidente vascular cerebral: perda de força e fala arrastada. Paciente do sexo feminino, 45 anos.",urgente
"Glicemia de jejum levemente alterada, indicado acompanhamento nutricional. Paciente do sexo feminino, 45 anos.",atencao
"Queixa de dor abdominal leve a moderada, sem sinais de alarme. Paciente do sexo feminino, 45 anos.",atencao
"Paciente com febre baixa persistente há 3 dias, sem outros sintomas graves. Encaminhado pelo pronto atendimento.",atencao
Paciente com histórico de alergia relata leve reação cutânea. Sem histórico médico relevante.,atencao
"Resultado de exame de rotina normal, sem necessidade de intervenção. Paciente do sexo masculino, 62 anos.",normal
"Dor abdominal súbita e intensa com abdome em tábua, suspeita de abdome agudo. Encaminhado pelo pronto atendimento.",urgente
"Dor abdominal súbita e intensa com abdome em tábua, suspeita de abdome agudo. Sem histórico médico relevante.",urgente
"Raio-x de tórax sem alterações, paciente assintomático. Paciente do sexo masculino, 62 anos.",normal
"Glicemia de jejum levemente alterada, indicado acompanhamento nutricional. Sem histórico médico relevante.",atencao
"Paciente apresenta dor torácica intensa e falta de ar súbita. Paciente do sexo feminino, 45 anos.",urgente
"Exame de sangue dentro dos parâmetros normais, sem alterações significativas. Encaminhado pelo pronto atendimento.",normal
"Glicemia de jejum levemente alterada, indicado acompanhamento nutricional. Sem histórico médico relevante.",atencao
"Queixa de dor abdominal leve a moderada, sem sinais de alarme. Paciente do sexo feminino, 45 anos.",atencao
"Reação alérgica grave com edema de glote e dificuldade respiratória. Paciente do sexo feminino, 45 anos.",urgente
"Exame de sangue dentro dos parâmetros normais, sem alterações significativas. Sem histórico médico relevante.",normal
"Pressão arterial levemente elevada, recomendado acompanhamento. Histórico de comorbidades relatado.",atencao
"Pequena ferida com sinais iniciais de inflamação, sem pus. Paciente do sexo feminino, 45 anos.",atencao
"Dor abdominal súbita e intensa com abdome em tábua, suspeita de abdome agudo. Acompanhado por familiar.",urgente
"Pequena ferida com sinais iniciais de inflamação, sem pus. Paciente do sexo masculino, 62 anos.",atencao
"Raio-x de tórax sem alterações, paciente assintomático. Sem histórico médico relevante.",normal
"Consulta de retorno, paciente estável, sem sintomas novos.",normal
"Vacinação de rotina realizada sem intercorrências. Paciente do sexo masculino, 62 anos.",normal
"Resultado de exame de rotina normal, sem necessidade de intervenção. Sem histórico médico relevante.",normal
Reação alérgica grave com edema de glote e dificuldade respiratória. Sem histórico médico relevante.,urgente
"Dor abdominal súbita e intensa com abdome em tábua, suspeita de abdome agudo. Paciente do sexo masculino, 62 anos.",urgente
"Paciente com febre baixa persistente há 3 dias, sem outros sintomas graves. Paciente do sexo feminino, 45 anos.",atencao
"Glicemia de jejum levemente alterada, indicado acompanhamento nutricional. Histórico de comorbidades relatado.",atencao
"Pequena ferida com sinais iniciais de inflamação, sem pus. Paciente do sexo feminino, 45 anos.",atencao
"Resultado de exame de rotina normal, sem necessidade de intervenção. Paciente do sexo feminino, 45 anos.",normal
Exame oftalmológico de rotina sem achados relevantes. Acompanhado por familiar.,normal
"Paciente com convulsões recorrentes e perda de consciência. Paciente do sexo masculino, 62 anos.",urgente
"Pequena ferida com sinais iniciais de inflamação, sem pus. Sem histórico médico relevante.",atencao
"Paciente comparece para avaliação preventiva anual, tudo normal. Acompanhado por familiar.",normal
"Paciente com febre alta e rigidez de nuca, suspeita de meningite. Acompanhado por familiar.",urgente
"Exame de sangue dentro dos parâmetros normais, sem alterações significativas. Histórico de comorbidades relatado.",normal
"Paciente relata bem-estar geral, sinais vitais normais.",normal
"Paciente com febre alta e rigidez de nuca, suspeita de meningite. Acompanhado por familiar.",urgente
"Paciente relata check-up de rotina, sem queixas relevantes. Histórico de comorbidades relatado.",normal
"Hemorragia intensa, paciente com sinais de choque hipovolêmico. Paciente do sexo masculino, 62 anos.",urgente
"Exame de sangue dentro dos parâmetros normais, sem alterações significativas. Acompanhado por familiar.",normal
"Paciente com febre baixa persistente há 3 dias, sem outros sintomas graves. Sem histórico médico relevante.",atencao
Exame oftalmológico de rotina sem achados relevantes. Encaminhado pelo pronto atendimento.,normal
"Consulta de retorno, paciente estável, sem sintomas novos. Encaminhado pelo pronto atendimento.",normal
"Politraumatismo grave após queda de altura, necessita intervenção imediata. Sem histórico médico relevante.",urgente
"Paciente relata tosse persistente há uma semana, sem falta de ar. Sem histórico médico relevante.",atencao
"Exame indica leve alteração em enzimas hepáticas, necessita reavaliação. Histórico de comorbidades relatado.",atencao
"Resultado de exame de rotina normal, sem necessidade de intervenção. Paciente do sexo masculino, 62 anos.",normal
"Exame de sangue dentro dos parâmetros normais, sem alterações significativas. Paciente do sexo masculino, 62 anos.",normal
Paciente apresenta dor torácica intensa e falta de ar súbita.,urgente
Reação alérgica grave com edema de glote e dificuldade respiratória. Sem histórico médico relevante.,urgente
"Queixa de dor abdominal leve a moderada, sem sinais de alarme. Paciente do sexo masculino, 62 anos.",atencao
"Paciente comparece para avaliação preventiva anual, tudo normal. Paciente do sexo feminino, 45 anos.",normal
Vacinação de rotina realizada sem intercorrências. Encaminhado pelo pronto atendimento.,normal
"Paciente apresenta dor torácica intensa e falta de ar súbita. Paciente do sexo feminino, 45 anos.",urgente
Exame oftalmológico de rotina sem achados relevantes.,normal
"Glicemia de jejum levemente alterada, indicado acompanhamento nutricional. Paciente do sexo masculino, 62 anos.",atencao
"Paciente relata bem-estar geral, sinais vitais normais. Sem histórico médico relevante.",normal
Sinais de acidente vascular cerebral: perda de força e fala arrastada.,urgente
"Paciente relata check-up de rotina, sem queixas relevantes.",normal
"Trauma craniano grave após acidente, paciente inconsciente. Acompanhado por familiar.",urgente
"Resultado de exame de rotina normal, sem necessidade de intervenção. Sem histórico médico relevante.",normal
"Paciente relata bem-estar geral, sinais vitais normais. Paciente do sexo feminino, 45 anos.",normal
"Exame de sangue dentro dos parâmetros normais, sem alterações significativas. Histórico de comorbidades relatado.",normal
"Paciente relata bem-estar geral, sinais vitais normais. Paciente do sexo masculino, 62 anos.",normal
"Vacinação de rotina realizada sem intercorrências. Paciente do sexo masculino, 62 anos.",normal
"Exame de sangue dentro dos parâmetros normais, sem alterações significativas. Sem histórico médico relevante.",normal
"Dor abdominal súbita e intensa com abdome em tábua, suspeita de abdome agudo. Paciente do sexo masculino, 62 anos.",urgente
"Trauma craniano grave após acidente, paciente inconsciente. Sem histórico médico relevante.",urgente
"Sinais vitais instáveis, saturação de oxigênio criticamente baixa. Paciente do sexo feminino, 45 anos.",urgente
Reação alérgica grave com edema de glote e dificuldade respiratória. Acompanhado por familiar.,urgente
"Pressão arterial levemente elevada, recomendado acompanhamento.",atencao
"Pressão arterial levemente elevada, recomendado acompanhamento. Histórico de comorbidades relatado.",atencao
"Trauma craniano grave após acidente, paciente inconsciente.",urgente
"Paciente relata bem-estar geral, sinais vitais normais.",normal
"Glicemia de jejum levemente alterada, indicado acompanhamento nutricional. Encaminhado pelo pronto atendimento.",atencao
Paciente com histórico de alergia relata leve reação cutânea. Acompanhado por familiar.,atencao
"Sinais vitais instáveis, saturação de oxigênio criticamente baixa.",urgente
"Paciente relata cansaço e mal-estar leve nos últimos dias. Paciente do sexo masculino, 62 anos.",atencao
"Glicemia de jejum levemente alterada, indicado acompanhamento nutricional. Sem histórico médico relevante.",atencao
Paciente apresenta dor torácica intensa e falta de ar súbita.,urgente
Sinais de acidente vascular cerebral: perda de força e fala arrastada. Sem histórico médico relevante.,urgente
"Exame indica leve alteração em enzimas hepáticas, necessita reavaliação. Sem histórico médico relevante.",atencao
"Paciente relata tosse persistente há uma semana, sem falta de ar.",atencao
Vacinação de rotina realizada sem intercorrências.,normal
"Glicemia de jejum levemente alterada, indicado acompanhamento nutricional. Encaminhado pelo pronto atendimento.",atencao
"Sinais vitais instáveis, saturação de oxigênio criticamente baixa. Histórico de comorbidades relatado.",urgente
"Exame de sangue dentro dos parâmetros normais, sem alterações significativas. Paciente do sexo feminino, 45 anos.",normal
"Resultado de exame de rotina normal, sem necessidade de intervenção.",normal
Exame oftalmológico de rotina sem achados relevantes. Histórico de comorbidades relatado.,normal
"Raio-x de tórax sem alterações, paciente assintomático.",normal
"Paciente com febre alta e rigidez de nuca, suspeita de meningite. Sem histórico médico relevante.",urgente
"Dor lombar moderada, sem sinais neurológicos associados. Paciente do sexo feminino, 45 anos.",atencao
"Resultado de exame de rotina normal, sem necessidade de intervenção.",normal
"Paciente relata bem-estar geral, sinais vitais normais. Acompanhado por familiar.",normal
"Resultado de exame de rotina normal, sem necessidade de intervenção. Sem histórico médico relevante.",normal
Paciente relata cansaço e mal-estar leve nos últimos dias. Encaminhado pelo pronto atendimento.,atencao
"Paciente relata check-up de rotina, sem queixas relevantes. Acompanhado por familiar.",normal
"Resultado de exame de rotina normal, sem necessidade de intervenção. Histórico de comorbidades relatado.",normal
Exame oftalmológico de rotina sem achados relevantes. Encaminhado pelo pronto atendimento.,normal
"Consulta de retorno, paciente estável, sem sintomas novos. Encaminhado pelo pronto atendimento.",normal
"Dor lombar moderada, sem sinais neurológicos associados. Sem histórico médico relevante.",atencao
Paciente com convulsões recorrentes e perda de consciência. Encaminhado pelo pronto atendimento.,urgente
"Paciente relata tosse persistente há uma semana, sem falta de ar. Paciente do sexo masculino, 62 anos.",atencao
"Exame indica leve alteração em enzimas hepáticas, necessita reavaliação. Sem histórico médico relevante.",atencao
"Pequena ferida com sinais iniciais de inflamação, sem pus. Sem histórico médico relevante.",atencao
"Dor abdominal súbita e intensa com abdome em tábua, suspeita de abdome agudo. Histórico de comorbidades relatado.",urgente
"Hemograma completo dentro da normalidade, sem sinais de infecção. Paciente do sexo feminino, 45 anos.",normal
"Paciente comparece para avaliação preventiva anual, tudo normal. Paciente do sexo feminino, 45 anos.",normal
Paciente relata cansaço e mal-estar leve nos últimos dias. Encaminhado pelo pronto atendimento.,atencao
"Politraumatismo grave após queda de altura, necessita intervenção imediata. Paciente do sexo masculino, 62 anos.",urgente
"Dor lombar moderada, sem sinais neurológicos associados. Sem histórico médico relevante.",atencao
"Paciente com febre baixa persistente há 3 dias, sem outros sintomas graves. Histórico de comorbidades relatado.",atencao
Paciente apresenta dor torácica intensa e falta de ar súbita. Encaminhado pelo pronto atendimento.,urgente
"Politraumatismo grave após queda de altura, necessita intervenção imediata. Sem histórico médico relevante.",urgente
"Paciente relata bem-estar geral, sinais vitais normais. Acompanhado por familiar.",normal
"Pequena ferida com sinais iniciais de inflamação, sem pus. Sem histórico médico relevante.",atencao
"Queixa de dor abdominal leve a moderada, sem sinais de alarme. Encaminhado pelo pronto atendimento.",atencao
"Queixa de dor abdominal leve a moderada, sem sinais de alarme. Acompanhado por familiar.",atencao
"Paciente comparece para avaliação preventiva anual, tudo normal. Encaminhado pelo pronto atendimento.",normal
"Paciente relata check-up de rotina, sem queixas relevantes.",normal
Exame oftalmológico de rotina sem achados relevantes. Sem histórico médico relevante.,normal
"Exame de sangue dentro dos parâmetros normais, sem alterações significativas. Acompanhado por familiar.",normal
"Glicemia de jejum levemente alterada, indicado acompanhamento nutricional.",atencao
Paciente com convulsões recorrentes e perda de consciência. Histórico de comorbidades relatado.,urgente
"Queixa de dor abdominal leve a moderada, sem sinais de alarme. Encaminhado pelo pronto atendimento.",atencao
"Consulta de retorno, paciente estável, sem sintomas novos. Acompanhado por familiar.",normal
Paciente relata cansaço e mal-estar leve nos últimos dias. Histórico de comorbidades relatado.,atencao
"Hemograma completo dentro da normalidade, sem sinais de infecção. Paciente do sexo feminino, 45 anos.",normal
Paciente relata cansaço e mal-estar leve nos últimos dias. Encaminhado pelo pronto atendimento.,atencao
"Politraumatismo grave após queda de altura, necessita intervenção imediata. Sem histórico médico relevante.",urgente
Vacinação de rotina realizada sem intercorrências. Histórico de comorbidades relatado.,normal
"Exame de sangue dentro dos parâmetros normais, sem alterações significativas. Encaminhado pelo pronto atendimento.",normal
"Raio-x de tórax sem alterações, paciente assintomático. Paciente do sexo feminino, 45 anos.",normal
"Glicemia de jejum levemente alterada, indicado acompanhamento nutricional. Sem histórico médico relevante.",atencao
"Pressão arterial levemente elevada, recomendado acompanhamento. Paciente do sexo masculino, 62 anos.",atencao
"Glicemia de jejum levemente alterada, indicado acompanhamento nutricional. Paciente do sexo masculino, 62 anos.",atencao
"Reação alérgica grave com edema de glote e dificuldade respiratória. Paciente do sexo masculino, 62 anos.",urgente
"Raio-x de tórax sem alterações, paciente assintomático. Acompanhado por familiar.",normal
Vacinação de rotina realizada sem intercorrências. Histórico de comorbidades relatado.,normal
Paciente apresenta dor torácica intensa e falta de ar súbita. Histórico de comorbidades relatado.,urgente
"Paciente comparece para avaliação preventiva anual, tudo normal.",normal
"Queixa de dor abdominal leve a moderada, sem sinais de alarme. Paciente do sexo masculino, 62 anos.",atencao
Paciente relata cansaço e mal-estar leve nos últimos dias.,atencao
"Sinais vitais instáveis, saturação de oxigênio criticamente baixa. Paciente do sexo feminino, 45 anos.",urgente
"Paciente relata tosse persistente há uma semana, sem falta de ar. Histórico de comorbidades relatado.",atencao
Paciente relata cansaço e mal-estar leve nos últimos dias. Sem histórico médico relevante.,atencao
Reação alérgica grave com edema de glote e dificuldade respiratória. Encaminhado pelo pronto atendimento.,urgente
"Paciente com febre alta e rigidez de nuca, suspeita de meningite. Histórico de comorbidades relatado.",urgente
Exame oftalmológico de rotina sem achados relevantes. Encaminhado pelo pronto atendimento.,normal
"Paciente apresenta dor torácica intensa e falta de ar súbita. Paciente do sexo masculino, 62 anos.",urgente
"Glicemia de jejum levemente alterada, indicado acompanhamento nutricional. Paciente do sexo feminino, 45 anos.",atencao
"Sinais vitais instáveis, saturação de oxigênio criticamente baixa.",urgente
"Raio-x de tórax sem alterações, paciente assintomático. Acompanhado por familiar.",normal
"Resultado de exame de rotina normal, sem necessidade de intervenção. Sem histórico médico relevante.",normal
"Hemorragia intensa, paciente com sinais de choque hipovolêmico. Encaminhado pelo pronto atendimento.",urgente
Reação alérgica grave com edema de glote e dificuldade respiratória. Histórico de comorbidades relatado.,urgente
"Paciente com febre alta e rigidez de nuca, suspeita de meningite. Acompanhado por familiar.",urgente
Exame oftalmológico de rotina sem achados relevantes. Histórico de comorbidades relatado.,normal
"Paciente com febre alta e rigidez de nuca, suspeita de meningite. Sem histórico médico relevante.",urgente
Sinais de acidente vascular cerebral: perda de força e fala arrastada. Histórico de comorbidades relatado.,urgente
Reação alérgica grave com edema de glote e dificuldade respiratória. Encaminhado pelo pronto atendimento.,urgente
"Resultado de exame de rotina normal, sem necessidade de intervenção. Encaminhado pelo pronto atendimento.",normal
"Pequena ferida com sinais iniciais de inflamação, sem pus.",atencao
Paciente com convulsões recorrentes e perda de consciência.,urgente
"Paciente relata tosse persistente há uma semana, sem falta de ar. Sem histórico médico relevante.",atencao
"Paciente com febre baixa persistente há 3 dias, sem outros sintomas graves. Encaminhado pelo pronto atendimento.",atencao
"Trauma craniano grave após acidente, paciente inconsciente. Histórico de comorbidades relatado.",urgente
"Pressão arterial levemente elevada, recomendado acompanhamento. Acompanhado por familiar.",atencao
Reação alérgica grave com edema de glote e dificuldade respiratória. Encaminhado pelo pronto atendimento.,urgente
"Pequena ferida com sinais iniciais de inflamação, sem pus.",atencao
"Paciente com febre baixa persistente há 3 dias, sem outros sintomas graves. Paciente do sexo feminino, 45 anos.",atencao
"Consulta de retorno, paciente estável, sem sintomas novos. Paciente do sexo masculino, 62 anos.",normal
Sinais de acidente vascular cerebral: perda de força e fala arrastada.,urgente
"Paciente com febre baixa persistente há 3 dias, sem outros sintomas graves. Acompanhado por familiar.",atencao
"Resultado de exame de rotina normal, sem necessidade de intervenção. Acompanhado por familiar.",normal
Sinais de acidente vascular cerebral: perda de força e fala arrastada. Acompanhado por familiar.,urgente
Sinais de acidente vascular cerebral: perda de força e fala arrastada. Histórico de comorbidades relatado.,urgente
Vacinação de rotina realizada sem intercorrências. Acompanhado por familiar.,normal
"Exame indica leve alteração em enzimas hepáticas, necessita reavaliação. Histórico de comorbidades relatado.",atencao
"Trauma craniano grave após acidente, paciente inconsciente.",urgente
"Queixa de dor abdominal leve a moderada, sem sinais de alarme. Sem histórico médico relevante.",atencao
"Exame indica leve alteração em enzimas hepáticas, necessita reavaliação. Sem histórico médico relevante.",atencao
"Paciente com febre alta e rigidez de nuca, suspeita de meningite.",urgente
"Hemograma completo dentro da normalidade, sem sinais de infecção. Sem histórico médico relevante.",normal
Paciente com convulsões recorrentes e perda de consciência. Histórico de comorbidades relatado.,urgente
Sinais de acidente vascular cerebral: perda de força e fala arrastada. Sem histórico médico relevante.,urgente
"Hemograma completo dentro da normalidade, sem sinais de infecção.",normal
"Exame de sangue dentro dos parâmetros normais, sem alterações significativas. Encaminhado pelo pronto atendimento.",normal
"Consulta de retorno, paciente estável, sem sintomas novos. Acompanhado por familiar.",normal
"Hemograma completo dentro da normalidade, sem sinais de infecção. Paciente do sexo feminino, 45 anos.",normal
"Exame de sangue dentro dos parâmetros normais, sem alterações significativas. Encaminhado pelo pronto atendimento.",normal
"Paciente comparece para avaliação preventiva anual, tudo normal.",normal
Reação alérgica grave com edema de glote e dificuldade respiratória.,urgente
"Exame de sangue dentro dos parâmetros normais, sem alterações significativas.",normal
"Paciente relata bem-estar geral, sinais vitais normais. Encaminhado pelo pronto atendimento.",normal
"Hemograma completo dentro da normalidade, sem sinais de infecção. Paciente do sexo feminino, 45 anos.",normal
"Politraumatismo grave após queda de altura, necessita intervenção imediata. Acompanhado por familiar.",urgente
"Glicemia de jejum levemente alterada, indicado acompanhamento nutricional. Paciente do sexo feminino, 45 anos.",atencao
"Paciente relata tosse persistente há uma semana, sem falta de ar. Acompanhado por familiar.",atencao
"Paciente relata bem-estar geral, sinais vitais normais. Paciente do sexo feminino, 45 anos.",normal
"Sinais vitais instáveis, saturação de oxigênio criticamente baixa. Encaminhado pelo pronto atendimento.",urgente
"Raio-x de tórax sem alterações, paciente assintomático. Paciente do sexo masculino, 62 anos.",normal
"Paciente com febre alta e rigidez de nuca, suspeita de meningite. Sem histórico médico relevante.",urgente
"Paciente relata cansaço e mal-estar leve nos últimos dias. Paciente do sexo masculino, 62 anos.",atencao
"Sinais vitais instáveis, saturação de oxigênio criticamente baixa. Paciente do sexo masculino, 62 anos.",urgente
"Reação alérgica grave com edema de glote e dificuldade respiratória. Paciente do sexo feminino, 45 anos.",urgente
"Glicemia de jejum levemente alterada, indicado acompanhamento nutricional.",atencao
"Resultado de exame de rotina normal, sem necessidade de intervenção. Sem histórico médico relevante.",normal
"Pequena ferida com sinais iniciais de inflamação, sem pus. Sem histórico médico relevante.",atencao
Paciente apresenta dor torácica intensa e falta de ar súbita. Encaminhado pelo pronto atendimento.,urgente
"Paciente com febre alta e rigidez de nuca, suspeita de meningite. Paciente do sexo masculino, 62 anos.",urgente
Paciente com convulsões recorrentes e perda de consciência. Encaminhado pelo pronto atendimento.,urgente
"Trauma craniano grave após acidente, paciente inconsciente. Acompanhado por familiar.",urgente
"Raio-x de tórax sem alterações, paciente assintomático. Histórico de comorbidades relatado.",normal
"Paciente relata tosse persistente há uma semana, sem falta de ar. Acompanhado por familiar.",atencao
"Politraumatismo grave após queda de altura, necessita intervenção imediata. Paciente do sexo feminino, 45 anos.",urgente
"Pequena ferida com sinais iniciais de inflamação, sem pus. Paciente do sexo masculino, 62 anos.",atencao
"Politraumatismo grave após queda de altura, necessita intervenção imediata.",urgente
"Politraumatismo grave após queda de altura, necessita intervenção imediata. Encaminhado pelo pronto atendimento.",urgente
"Resultado de exame de rotina normal, sem necessidade de intervenção. Histórico de comorbidades relatado.",normal
"Queixa de dor abdominal leve a moderada, sem sinais de alarme. Paciente do sexo feminino, 45 anos.",atencao
"Exame indica leve alteração em enzimas hepáticas, necessita reavaliação.",atencao
Paciente com convulsões recorrentes e perda de consciência. Histórico de comorbidades relatado.,urgente
"Exame indica leve alteração em enzimas hepáticas, necessita reavaliação. Encaminhado pelo pronto atendimento.",atencao
"Glicemia de jejum levemente alterada, indicado acompanhamento nutricional. Paciente do sexo feminino, 45 anos.",atencao
"Resultado de exame de rotina normal, sem necessidade de intervenção. Sem histórico médico relevante.",normal
Paciente com histórico de alergia relata leve reação cutânea. Sem histórico médico relevante.,atencao
"Hemograma completo dentro da normalidade, sem sinais de infecção. Sem histórico médico relevante.",normal
"Dor lombar moderada, sem sinais neurológicos associados.",atencao
"Pequena ferida com sinais iniciais de inflamação, sem pus.",atencao
"Exame de sangue dentro dos parâmetros normais, sem alterações significativas. Acompanhado por familiar.",normal
"Paciente com convulsões recorrentes e perda de consciência. Paciente do sexo masculino, 62 anos.",urgente
"Hemograma completo dentro da normalidade, sem sinais de infecção. Sem histórico médico relevante.",normal
"Queixa de dor abdominal leve a moderada, sem sinais de alarme. Sem histórico médico relevante.",atencao
"Hemograma completo dentro da normalidade, sem sinais de infecção. Sem histórico médico relevante.",normal
"Exame de sangue dentro dos parâmetros normais, sem alterações significativas. Acompanhado por familiar.",normal
"Exame indica leve alteração em enzimas hepáticas, necessita reavaliação. Sem histórico médico relevante.",atencao
Sinais de acidente vascular cerebral: perda de força e fala arrastada. Acompanhado por familiar.,urgente
"Trauma craniano grave após acidente, paciente inconsciente. Sem histórico médico relevante.",urgente
"Resultado de exame de rotina normal, sem necessidade de intervenção. Paciente do sexo feminino, 45 anos.",normal
Paciente com convulsões recorrentes e perda de consciência. Histórico de comorbidades relatado.,urgente
"Raio-x de tórax sem alterações, paciente assintomático. Histórico de comorbidades relatado.",normal
"Politraumatismo grave após queda de altura, necessita intervenção imediata. Sem histórico médico relevante.",urgente
"Hemorragia intensa, paciente com sinais de choque hipovolêmico. Histórico de comorbidades relatado.",urgente
"Pequena ferida com sinais iniciais de inflamação, sem pus.",atencao
"Exame oftalmológico de rotina sem achados relevantes. Paciente do sexo masculino, 62 anos.",normal
"Dor lombar moderada, sem sinais neurológicos associados. Histórico de comorbidades relatado.",atencao
"Paciente relata tosse persistente há uma semana, sem falta de ar. Histórico de comorbidades relatado.",atencao
Exame oftalmológico de rotina sem achados relevantes. Acompanhado por familiar.,normal
"Paciente comparece para avaliação preventiva anual, tudo normal. Paciente do sexo feminino, 45 anos.",normal
"Resultado de exame de rotina normal, sem necessidade de intervenção. Paciente do sexo masculino, 62 anos.",normal
"Sinais vitais instáveis, saturação de oxigênio criticamente baixa. Encaminhado pelo pronto atendimento.",urgente
"Consulta de retorno, paciente estável, sem sintomas novos. Paciente do sexo masculino, 62 anos.",normal
"Pequena ferida com sinais iniciais de inflamação, sem pus. Paciente do sexo feminino, 45 anos.",atencao
Vacinação de rotina realizada sem intercorrências.,normal
"Dor lombar moderada, sem sinais neurológicos associados. Paciente do sexo masculino, 62 anos.",atencao
"Exame indica leve alteração em enzimas hepáticas, necessita reavaliação. Paciente do sexo masculino, 62 anos.",atencao
"Paciente com histórico de alergia relata leve reação cutânea. Paciente do sexo feminino, 45 anos.",atencao
"Raio-x de tórax sem alterações, paciente assintomático. Sem histórico médico relevante.",normal
"Paciente relata bem-estar geral, sinais vitais normais. Paciente do sexo masculino, 62 anos.",normal
"Pequena ferida com sinais iniciais de inflamação, sem pus. Acompanhado por familiar.",atencao
"Glicemia de jejum levemente alterada, indicado acompanhamento nutricional.",atencao
"Paciente apresenta dor torácica intensa e falta de ar súbita. Paciente do sexo feminino, 45 anos.",urgente
"Pequena ferida com sinais iniciais de inflamação, sem pus. Paciente do sexo masculino, 62 anos.",atencao
Vacinação de rotina realizada sem intercorrências.,normal
"Paciente comparece para avaliação preventiva anual, tudo normal. Paciente do sexo feminino, 45 anos.",normal
"Sinais vitais instáveis, saturação de oxigênio criticamente baixa. Paciente do sexo feminino, 45 anos.",urgente
"Exame indica leve alteração em enzimas hepáticas, necessita reavaliação. Paciente do sexo feminino, 45 anos.",atencao
"Sinais vitais instáveis, saturação de oxigênio criticamente baixa. Paciente do sexo masculino, 62 anos.",urgente
"Dor lombar moderada, sem sinais neurológicos associados. Sem histórico médico relevante.",atencao
Sinais de acidente vascular cerebral: perda de força e fala arrastada.,urgente
"Pressão arterial levemente elevada, recomendado acompanhamento. Paciente do sexo masculino, 62 anos.",atencao
"Consulta de retorno, paciente estável, sem sintomas novos. Paciente do sexo feminino, 45 anos.",normal
"Raio-x de tórax sem alterações, paciente assintomático. Paciente do sexo masculino, 62 anos.",normal
"Trauma craniano grave após acidente, paciente inconsciente. Paciente do sexo feminino, 45 anos.",urgente
"Politraumatismo grave após queda de altura, necessita intervenção imediata. Encaminhado pelo pronto atendimento.",urgente
"Sinais de acidente vascular cerebral: perda de força e fala arrastada. Paciente do sexo masculino, 62 anos.",urgente
"Dor lombar moderada, sem sinais neurológicos associados. Acompanhado por familiar.",atencao
"Resultado de exame de rotina normal, sem necessidade de intervenção. Paciente do sexo feminino, 45 anos.",normal
"Resultado de exame de rotina normal, sem necessidade de intervenção.",normal
"Paciente comparece para avaliação preventiva anual, tudo normal. Acompanhado por familiar.",normal
"Exame de sangue dentro dos parâmetros normais, sem alterações significativas. Paciente do sexo feminino, 45 anos.",normal
"Resultado de exame de rotina normal, sem necessidade de intervenção. Acompanhado por familiar.",normal
"Consulta de retorno, paciente estável, sem sintomas novos. Acompanhado por familiar.",normal
"Vacinação de rotina realizada sem intercorrências. Paciente do sexo feminino, 45 anos.",normal
"Dor abdominal súbita e intensa com abdome em tábua, suspeita de abdome agudo.",urgente
"Paciente apresenta dor torácica intensa e falta de ar súbita. Paciente do sexo masculino, 62 anos.",urgente
"Hemograma completo dentro da normalidade, sem sinais de infecção. Encaminhado pelo pronto atendimento.",normal
"Politraumatismo grave após queda de altura, necessita intervenção imediata. Histórico de comorbidades relatado.",urgente
"Consulta de retorno, paciente estável, sem sintomas novos. Acompanhado por familiar.",normal
"Trauma craniano grave após acidente, paciente inconsciente. Sem histórico médico relevante.",urgente
"Consulta de retorno, paciente estável, sem sintomas novos. Histórico de comorbidades relatado.",normal
"Paciente relata check-up de rotina, sem queixas relevantes. Paciente do sexo feminino, 45 anos.",normal
"Paciente relata bem-estar geral, sinais vitais normais. Encaminhado pelo pronto atendimento.",normal
"Queixa de dor abdominal leve a moderada, sem sinais de alarme. Encaminhado pelo pronto atendimento.",atencao
"Raio-x de tórax sem alterações, paciente assintomático. Acompanhado por familiar.",normal
"Resultado de exame de rotina normal, sem necessidade de intervenção. Histórico de comorbidades relatado.",normal
"Dor lombar moderada, sem sinais neurológicos associados. Sem histórico médico relevante.",atencao
"Resultado de exame de rotina normal, sem necessidade de intervenção. Paciente do sexo feminino, 45 anos.",normal
"Pequena ferida com sinais iniciais de inflamação, sem pus. Histórico de comorbidades relatado.",atencao
"Dor abdominal súbita e intensa com abdome em tábua, suspeita de abdome agudo. Paciente do sexo feminino, 45 anos.",urgente
"Pequena ferida com sinais iniciais de inflamação, sem pus. Paciente do sexo masculino, 62 anos.",atencao
"Paciente com febre alta e rigidez de nuca, suspeita de meningite. Paciente do sexo feminino, 45 anos.",urgente
"Consulta de retorno, paciente estável, sem sintomas novos.",normal
"Dor abdominal súbita e intensa com abdome em tábua, suspeita de abdome agudo. Paciente do sexo feminino, 45 anos.",urgente
"Paciente com febre alta e rigidez de nuca, suspeita de meningite. Paciente do sexo feminino, 45 anos.",urgente
"Hemorragia intensa, paciente com sinais de choque hipovolêmico.",urgente
"Queixa de dor abdominal leve a moderada, sem sinais de alarme. Histórico de comorbidades relatado.",atencao
"Trauma craniano grave após acidente, paciente inconsciente. Histórico de comorbidades relatado.",urgente
"Queixa de dor abdominal leve a moderada, sem sinais de alarme.",atencao
"Dor abdominal súbita e intensa com abdome em tábua, suspeita de abdome agudo. Acompanhado por familiar.",urgente
Paciente apresenta dor torácica intensa e falta de ar súbita. Sem histórico médico relevante.,urgente
"Paciente relata tosse persistente há uma semana, sem falta de ar. Encaminhado pelo pronto atendimento.",atencao
"Hemograma completo dentro da normalidade, sem sinais de infecção. Paciente do sexo masculino, 62 anos.",normal
Paciente com convulsões recorrentes e perda de consciência. Acompanhado por familiar.,urgente
"Hemograma completo dentro da normalidade, sem sinais de infecção. Sem histórico médico relevante.",normal
"Paciente com febre alta e rigidez de nuca, suspeita de meningite.",urgente
"Exame de sangue dentro dos parâmetros normais, sem alterações significativas. Encaminhado pelo pronto atendimento.",normal
"Paciente relata tosse persistente há uma semana, sem falta de ar. Encaminhado pelo pronto atendimento.",atencao
"Exame de sangue dentro dos parâmetros normais, sem alterações significativas. Encaminhado pelo pronto atendimento.",normal
"Consulta de retorno, paciente estável, sem sintomas novos. Paciente do sexo masculino, 62 anos.",normal
"Hemograma completo dentro da normalidade, sem sinais de infecção. Histórico de comorbidades relatado.",normal
"Exame indica leve alteração em enzimas hepáticas, necessita reavaliação.",atencao
"Queixa de dor abdominal leve a moderada, sem sinais de alarme. Encaminhado pelo pronto atendimento.",atencao
"Reação alérgica grave com edema de glote e dificuldade respiratória. Paciente do sexo masculino, 62 anos.",urgente
"Paciente relata cansaço e mal-estar leve nos últimos dias. Paciente do sexo masculino, 62 anos.",atencao
Exame oftalmológico de rotina sem achados relevantes. Acompanhado por familiar.,normal
"Paciente relata tosse persistente há uma semana, sem falta de ar. Sem histórico médico relevante.",atencao
"Dor abdominal súbita e intensa com abdome em tábua, suspeita de abdome agudo. Paciente do sexo feminino, 45 anos.",urgente
Vacinação de rotina realizada sem intercorrências.,normal
"Pequena ferida com sinais iniciais de inflamação, sem pus.",atencao
"Hemorragia intensa, paciente com sinais de choque hipovolêmico. Encaminhado pelo pronto atendimento.",urgente
"Dor lombar moderada, sem sinais neurológicos associados. Paciente do sexo feminino, 45 anos.",atencao
Paciente com histórico de alergia relata leve reação cutânea. Acompanhado por familiar.,atencao
"Hemorragia intensa, paciente com sinais de choque hipovolêmico. Histórico de comorbidades relatado.",urgente
"Hemorragia intensa, paciente com sinais de choque hipovolêmico. Encaminhado pelo pronto atendimento.",urgente
"Pequena ferida com sinais iniciais de inflamação, sem pus. Acompanhado por familiar.",atencao
Paciente apresenta dor torácica intensa e falta de ar súbita. Histórico de comorbidades relatado.,urgente
"Sinais vitais instáveis, saturação de oxigênio criticamente baixa. Paciente do sexo feminino, 45 anos.",urgente
"Paciente com febre baixa persistente há 3 dias, sem outros sintomas graves. Sem histórico médico relevante.",atencao
"Paciente com febre baixa persistente há 3 dias, sem outros sintomas graves. Encaminhado pelo pronto atendimento.",atencao
Vacinação de rotina realizada sem intercorrências.,normal
"Resultado de exame de rotina normal, sem necessidade de intervenção. Paciente do sexo feminino, 45 anos.",normal
"Sinais de acidente vascular cerebral: perda de força e fala arrastada. Paciente do sexo feminino, 45 anos.",urgente
"Consulta de retorno, paciente estável, sem sintomas novos. Paciente do sexo feminino, 45 anos.",normal
"Dor abdominal súbita e intensa com abdome em tábua, suspeita de abdome agudo. Paciente do sexo feminino, 45 anos.",urgente
Paciente relata cansaço e mal-estar leve nos últimos dias.,atencao
"Glicemia de jejum levemente alterada, indicado acompanhamento nutricional. Paciente do sexo feminino, 45 anos.",atencao
"Sinais vitais instáveis, saturação de oxigênio criticamente baixa.",urgente
"Pequena ferida com sinais iniciais de inflamação, sem pus. Encaminhado pelo pronto atendimento.",atencao
"Queixa de dor abdominal leve a moderada, sem sinais de alarme. Histórico de comorbidades relatado.",atencao
"Paciente comparece para avaliação preventiva anual, tudo normal. Histórico de comorbidades relatado.",normal
Paciente apresenta dor torácica intensa e falta de ar súbita. Acompanhado por familiar.,urgente
"Trauma craniano grave após acidente, paciente inconsciente. Encaminhado pelo pronto atendimento.",urgente
Sinais de acidente vascular cerebral: perda de força e fala arrastada. Acompanhado por familiar.,urgente
"Paciente comparece para avaliação preventiva anual, tudo normal. Paciente do sexo masculino, 62 anos.",normal
"Paciente relata bem-estar geral, sinais vitais normais. Encaminhado pelo pronto atendimento.",normal
Reação alérgica grave com edema de glote e dificuldade respiratória. Histórico de comorbidades relatado.,urgente
"Queixa de dor abdominal leve a moderada, sem sinais de alarme. Histórico de comorbidades relatado.",atencao
"Reação alérgica grave com edema de glote e dificuldade respiratória. Paciente do sexo feminino, 45 anos.",urgente
"Hemograma completo dentro da normalidade, sem sinais de infecção. Paciente do sexo masculino, 62 anos.",normal
"Exame de sangue dentro dos parâmetros normais, sem alterações significativas. Acompanhado por familiar.",normal
"Queixa de dor abdominal leve a moderada, sem sinais de alarme. Histórico de comorbidades relatado.",atencao
"Trauma craniano grave após acidente, paciente inconsciente. Paciente do sexo masculino, 62 anos.",urgente
Paciente relata cansaço e mal-estar leve nos últimos dias. Encaminhado pelo pronto atendimento.,atencao
"Paciente comparece para avaliação preventiva anual, tudo normal.",normal
Reação alérgica grave com edema de glote e dificuldade respiratória. Encaminhado pelo pronto atendimento.,urgente
"Pressão arterial levemente elevada, recomendado acompanhamento.",atencao
"Exame indica leve alteração em enzimas hepáticas, necessita reavaliação. Sem histórico médico relevante.",atencao
"Hemorragia intensa, paciente com sinais de choque hipovolêmico. Paciente do sexo masculino, 62 anos.",urgente
"Hemorragia intensa, paciente com sinais de choque hipovolêmico. Encaminhado pelo pronto atendimento.",urgente
"Paciente comparece para avaliação preventiva anual, tudo normal. Acompanhado por familiar.",normal
"Politraumatismo grave após queda de altura, necessita intervenção imediata. Encaminhado pelo pronto atendimento.",urgente
"Paciente relata bem-estar geral, sinais vitais normais. Paciente do sexo masculino, 62 anos.",normal
"Paciente relata bem-estar geral, sinais vitais normais. Paciente do sexo feminino, 45 anos.",normal
"Paciente relata bem-estar geral, sinais vitais normais.",normal
"Paciente com febre baixa persistente há 3 dias, sem outros sintomas graves. Paciente do sexo feminino, 45 anos.",atencao
"Paciente relata tosse persistente há uma semana, sem falta de ar. Paciente do sexo masculino, 62 anos.",atencao
Paciente com histórico de alergia relata leve reação cutânea. Encaminhado pelo pronto atendimento.,atencao
"Paciente relata bem-estar geral, sinais vitais normais. Paciente do sexo feminino, 45 anos.",normal
"Paciente relata check-up de rotina, sem queixas relevantes. Encaminhado pelo pronto atendimento.",normal
Paciente relata cansaço e mal-estar leve nos últimos dias. Histórico de comorbidades relatado.,atencao
Reação alérgica grave com edema de glote e dificuldade respiratória. Encaminhado pelo pronto atendimento.,urgente
"Pressão arterial levemente elevada, recomendado acompanhamento. Paciente do sexo feminino, 45 anos.",atencao
"Resultado de exame de rotina normal, sem necessidade de intervenção. Acompanhado por familiar.",normal
"Paciente com histórico de alergia relata leve reação cutânea. Paciente do sexo masculino, 62 anos.",atencao
"Paciente com febre baixa persistente há 3 dias, sem outros sintomas graves.",atencao
"Paciente com convulsões recorrentes e perda de consciência. Paciente do sexo feminino, 45 anos.",urgente
"Sinais vitais instáveis, saturação de oxigênio criticamente baixa. Acompanhado por familiar.",urgente
"Hemorragia intensa, paciente com sinais de choque hipovolêmico. Acompanhado por familiar.",urgente
Vacinação de rotina realizada sem intercorrências. Histórico de comorbidades relatado.,normal
"Queixa de dor abdominal leve a moderada, sem sinais de alarme. Paciente do sexo feminino, 45 anos.",atencao
"Hemorragia intensa, paciente com sinais de choque hipovolêmico. Paciente do sexo feminino, 45 anos.",urgente
Reação alérgica grave com edema de glote e dificuldade respiratória.,urgente
"Raio-x de tórax sem alterações, paciente assintomático. Histórico de comorbidades relatado.",normal
Reação alérgica grave com edema de glote e dificuldade respiratória. Sem histórico médico relevante.,urgente
"Pressão arterial levemente elevada, recomendado acompanhamento. Paciente do sexo feminino, 45 anos.",atencao
"Queixa de dor abdominal leve a moderada, sem sinais de alarme. Histórico de comorbidades relatado.",atencao
"Glicemia de jejum levemente alterada, indicado acompanhamento nutricional. Acompanhado por familiar.",atencao
Vacinação de rotina realizada sem intercorrências. Encaminhado pelo pronto atendimento.,normal
"Resultado de exame de rotina normal, sem necessidade de intervenção. Paciente do sexo feminino, 45 anos.",normal
"Exame indica leve alteração em enzimas hepáticas, necessita reavaliação. Sem histórico médico relevante.",atencao
"Exame oftalmológico de rotina sem achados relevantes. Paciente do sexo feminino, 45 anos.",normal
"Hemorragia intensa, paciente com sinais de choque hipovolêmico.",urgente
"Paciente relata cansaço e mal-estar leve nos últimos dias. Paciente do sexo masculino, 62 anos.",atencao
"Dor lombar moderada, sem sinais neurológicos associados.",atencao
"Hemorragia intensa, paciente com sinais de choque hipovolêmico. Paciente do sexo feminino, 45 anos.",urgente
Vacinação de rotina realizada sem intercorrências. Histórico de comorbidades relatado.,normal
"Paciente relata check-up de rotina, sem queixas relevantes. Paciente do sexo masculino, 62 anos.",normal
"Consulta de retorno, paciente estável, sem sintomas novos. Histórico de comorbidades relatado.",normal
"Politraumatismo grave após queda de altura, necessita intervenção imediata. Histórico de comorbidades relatado.",urgente
Paciente apresenta dor torácica intensa e falta de ar súbita. Histórico de comorbidades relatado.,urgente
"Hemorragia intensa, paciente com sinais de choque hipovolêmico. Paciente do sexo masculino, 62 anos.",urgente
"Paciente apresenta dor torácica intensa e falta de ar súbita. Paciente do sexo masculino, 62 anos.",urgente
"Paciente com febre baixa persistente há 3 dias, sem outros sintomas graves. Histórico de comorbidades relatado.",atencao
"Exame de sangue dentro dos parâmetros normais, sem alterações significativas. Paciente do sexo feminino, 45 anos.",normal
"Paciente comparece para avaliação preventiva anual, tudo normal. Acompanhado por familiar.",normal
Paciente com histórico de alergia relata leve reação cutânea. Sem histórico médico relevante.,atencao
Paciente relata cansaço e mal-estar leve nos últimos dias. Encaminhado pelo pronto atendimento.,atencao
"Dor abdominal súbita e intensa com abdome em tábua, suspeita de abdome agudo.",urgente
"Hemograma completo dentro da normalidade, sem sinais de infecção. Encaminhado pelo pronto atendimento.",normal
"Dor lombar moderada, sem sinais neurológicos associados. Paciente do sexo masculino, 62 anos.",atencao
"Pressão arterial levemente elevada, recomendado acompanhamento. Encaminhado pelo pronto atendimento.",atencao
"Resultado de exame de rotina normal, sem necessidade de intervenção. Encaminhado pelo pronto atendimento.",normal
"Exame indica leve alteração em enzimas hepáticas, necessita reavaliação. Acompanhado por familiar.",atencao
"Hemorragia intensa, paciente com sinais de choque hipovolêmico. Acompanhado por familiar.",urgente
"Pequena ferida com sinais iniciais de inflamação, sem pus. Paciente do sexo masculino, 62 anos.",atencao
"Paciente com febre alta e rigidez de nuca, suspeita de meningite. Paciente do sexo masculino, 62 anos.",urgente
"Consulta de retorno, paciente estável, sem sintomas novos.",normal
"Paciente com histórico de alergia relata leve reação cutânea. Paciente do sexo feminino, 45 anos.",atencao
Paciente apresenta dor torácica intensa e falta de ar súbita. Acompanhado por familiar.,urgente
"Exame oftalmológico de rotina sem achados relevantes. Paciente do sexo feminino, 45 anos.",normal
"Glicemia de jejum levemente alterada, indicado acompanhamento nutricional. Paciente do sexo masculino, 62 anos.",atencao
Paciente apresenta dor torácica intensa e falta de ar súbita. Acompanhado por familiar.,urgente
"Pressão arterial levemente elevada, recomendado acompanhamento. Paciente do sexo masculino, 62 anos.",atencao
"Paciente relata bem-estar geral, sinais vitais normais.",normal
"Hemograma completo dentro da normalidade, sem sinais de infecção. Paciente do sexo masculino, 62 anos.",normal
"Hemorragia intensa, paciente com sinais de choque hipovolêmico. Sem histórico médico relevante.",urgente
"Paciente comparece para avaliação preventiva anual, tudo normal. Paciente do sexo feminino, 45 anos.",normal
Paciente com convulsões recorrentes e perda de consciência. Histórico de comorbidades relatado.,urgente
"Pequena ferida com sinais iniciais de inflamação, sem pus. Paciente do sexo masculino, 62 anos.",atencao
Paciente com convulsões recorrentes e perda de consciência. Sem histórico médico relevante.,urgente
"Exame de sangue dentro dos parâmetros normais, sem alterações significativas. Paciente do sexo masculino, 62 anos.",normal
"Paciente relata tosse persistente há uma semana, sem falta de ar. Acompanhado por familiar.",atencao
"Pequena ferida com sinais iniciais de inflamação, sem pus. Paciente do sexo masculino, 62 anos.",atencao
Paciente relata cansaço e mal-estar leve nos últimos dias. Histórico de comorbidades relatado.,atencao
"Raio-x de tórax sem alterações, paciente assintomático. Histórico de comorbidades relatado.",normal
"Vacinação de rotina realizada sem intercorrências. Paciente do sexo masculino, 62 anos.",normal
"Paciente relata cansaço e mal-estar leve nos últimos dias. Paciente do sexo feminino, 45 anos.",atencao
"Dor abdominal súbita e intensa com abdome em tábua, suspeita de abdome agudo. Sem histórico médico relevante.",urgente
Exame oftalmológico de rotina sem achados relevantes. Sem histórico médico relevante.,normal
"Paciente relata cansaço e mal-estar leve nos últimos dias. Paciente do sexo feminino, 45 anos.",atencao
"Resultado de exame de rotina normal, sem necessidade de intervenção. Encaminhado pelo pronto atendimento.",normal
"Dor lombar moderada, sem sinais neurológicos associados. Histórico de comorbidades relatado.",atencao
"Pressão arterial levemente elevada, recomendado acompanhamento. Acompanhado por familiar.",atencao
"Hemorragia intensa, paciente com sinais de choque hipovolêmico. Paciente do sexo masculino, 62 anos.",urgente
Exame oftalmológico de rotina sem achados relevantes. Encaminhado pelo pronto atendimento.,normal
"Exame indica leve alteração em enzimas hepáticas, necessita reavaliação. Paciente do sexo masculino, 62 anos.",atencao
"Paciente relata cansaço e mal-estar leve nos últimos dias. Paciente do sexo masculino, 62 anos.",atencao
"Resultado de exame de rotina normal, sem necessidade de intervenção. Sem histórico médico relevante.",normal
"Paciente relata bem-estar geral, sinais vitais normais.",normal
"Dor lombar moderada, sem sinais neurológicos associados. Sem histórico médico relevante.",atencao
"Paciente relata cansaço e mal-estar leve nos últimos dias. Paciente do sexo feminino, 45 anos.",atencao
"Paciente comparece para avaliação preventiva anual, tudo normal.",normal
"Paciente com febre baixa persistente há 3 dias, sem outros sintomas graves. Paciente do sexo masculino, 62 anos.",atencao
"Paciente comparece para avaliação preventiva anual, tudo normal. Histórico de comorbidades relatado.",normal
"Paciente com febre alta e rigidez de nuca, suspeita de meningite. Paciente do sexo masculino, 62 anos.",urgente
Sinais de acidente vascular cerebral: perda de força e fala arrastada. Histórico de comorbidades relatado.,urgente
"Exame de sangue dentro dos parâmetros normais, sem alterações significativas. Encaminhado pelo pronto atendimento.",normal
"Paciente relata tosse persistente há uma semana, sem falta de ar.",atencao
"Consulta de retorno, paciente estável, sem sintomas novos. Histórico de comorbidades relatado.",normal
"Paciente com convulsões recorrentes e perda de consciência. Paciente do sexo feminino, 45 anos.",urgente
"Pequena ferida com sinais iniciais de inflamação, sem pus. Paciente do sexo feminino, 45 anos.",atencao
"Dor abdominal súbita e intensa com abdome em tábua, suspeita de abdome agudo. Acompanhado por familiar.",urgente
"Pressão arterial levemente elevada, recomendado acompanhamento. Encaminhado pelo pronto atendimento.",atencao
Reação alérgica grave com edema de glote e dificuldade respiratória. Histórico de comorbidades relatado.,urgente
"Dor lombar moderada, sem sinais neurológicos associados. Histórico de comorbidades relatado.",atencao
"Paciente com febre alta e rigidez de nuca, suspeita de meningite. Acompanhado por familiar.",urgente
"Hemograma completo dentro da normalidade, sem sinais de infecção. Paciente do sexo masculino, 62 anos.",normal
"Paciente com febre baixa persistente há 3 dias, sem outros sintomas graves. Encaminhado pelo pronto atendimento.",atencao
"Trauma craniano grave após acidente, paciente inconsciente. Sem histórico médico relevante.",urgente
"Resultado de exame de rotina normal, sem necessidade de intervenção. Acompanhado por familiar.",normal
"Queixa de dor abdominal leve a moderada, sem sinais de alarme. Paciente do sexo feminino, 45 anos.",atencao
"Exame de sangue dentro dos parâmetros normais, sem alterações significativas. Encaminhado pelo pronto atendimento.",normal
"Trauma craniano grave após acidente, paciente inconsciente. Paciente do sexo feminino, 45 anos.",urgente
"Raio-x de tórax sem alterações, paciente assintomático. Encaminhado pelo pronto atendimento.",normal
"Paciente com febre baixa persistente há 3 dias, sem outros sintomas graves. Paciente do sexo masculino, 62 anos.",atencao
"Trauma craniano grave após acidente, paciente inconsciente. Paciente do sexo masculino, 62 anos.",urgente
"Pequena ferida com sinais iniciais de inflamação, sem pus.",atencao
"Paciente relata tosse persistente há uma semana, sem falta de ar.",atencao
"Glicemia de jejum levemente alterada, indicado acompanhamento nutricional. Paciente do sexo feminino, 45 anos.",atencao
"Paciente relata bem-estar geral, sinais vitais normais. Histórico de comorbidades relatado.",normal
"Glicemia de jejum levemente alterada, indicado acompanhamento nutricional. Histórico de comorbidades relatado.",atencao
"Exame de sangue dentro dos parâmetros normais, sem alterações significativas. Histórico de comorbidades relatado.",normal
"Pressão arterial levemente elevada, recomendado acompanhamento. Encaminhado pelo pronto atendimento.",atencao
"Dor abdominal súbita e intensa com abdome em tábua, suspeita de abdome agudo. Acompanhado por familiar.",urgente
"Paciente relata check-up de rotina, sem queixas relevantes. Sem histórico médico relevante.",normal
"Pequena ferida com sinais iniciais de inflamação, sem pus. Histórico de comorbidades relatado.",atencao
"Raio-x de tórax sem alterações, paciente assintomático. Encaminhado pelo pronto atendimento.",normal
"Hemograma completo dentro da normalidade, sem sinais de infecção. Sem histórico médico relevante.",normal
"Politraumatismo grave após queda de altura, necessita intervenção imediata. Sem histórico médico relevante.",urgente
"Sinais vitais instáveis, saturação de oxigênio criticamente baixa. Histórico de comorbidades relatado.",urgente
"Glicemia de jejum levemente alterada, indicado acompanhamento nutricional. Encaminhado pelo pronto atendimento.",atencao
"Vacinação de rotina realizada sem intercorrências. Paciente do sexo masculino, 62 anos.",normal
"Queixa de dor abdominal leve a moderada, sem sinais de alarme. Acompanhado por familiar.",atencao
Paciente com convulsões recorrentes e perda de consciência. Encaminhado pelo pronto atendimento.,urgente
"Dor lombar moderada, sem sinais neurológicos associados. Sem histórico médico relevante.",atencao
"Raio-x de tórax sem alterações, paciente assintomático. Sem histórico médico relevante.",normal
"Paciente relata tosse persistente há uma semana, sem falta de ar. Acompanhado por familiar.",atencao
"Dor abdominal súbita e intensa com abdome em tábua, suspeita de abdome agudo. Encaminhado pelo pronto atendimento.",urgente
Reação alérgica grave com edema de glote e dificuldade respiratória. Encaminhado pelo pronto atendimento.,urgente
"Paciente comparece para avaliação preventiva anual, tudo normal. Paciente do sexo masculino, 62 anos.",normal
"Consulta de retorno, paciente estável, sem sintomas novos. Sem histórico médico relevante.",normal
Sinais de acidente vascular cerebral: perda de força e fala arrastada. Histórico de comorbidades relatado.,urgente
"Paciente relata check-up de rotina, sem queixas relevantes. Acompanhado por familiar.",normal
"Consulta de retorno, paciente estável, sem sintomas novos. Sem histórico médico relevante.",normal
"Dor lombar moderada, sem sinais neurológicos associados. Acompanhado por familiar.",atencao
"Hemograma completo dentro da normalidade, sem sinais de infecção. Encaminhado pelo pronto atendimento.",normal
"Paciente relata bem-estar geral, sinais vitais normais. Paciente do sexo feminino, 45 anos.",normal
"Paciente apresenta dor torácica intensa e falta de ar súbita. Paciente do sexo feminino, 45 anos.",urgente
"Pressão arterial levemente elevada, recomendado acompanhamento. Paciente do sexo masculino, 62 anos.",atencao
Exame oftalmológico de rotina sem achados relevantes. Acompanhado por familiar.,normal
"Paciente com febre baixa persistente há 3 dias, sem outros sintomas graves. Paciente do sexo feminino, 45 anos.",atencao
"Exame oftalmológico de rotina sem achados relevantes. Paciente do sexo feminino, 45 anos.",normal
Paciente com convulsões recorrentes e perda de consciência. Sem histórico médico relevante.,urgente
"Paciente relata check-up de rotina, sem queixas relevantes.",normal
"Reação alérgica grave com edema de glote e dificuldade respiratória. Paciente do sexo masculino, 62 anos.",urgente
"Sinais vitais instáveis, saturação de oxigênio criticamente baixa. Acompanhado por familiar.",urgente
Paciente apresenta dor torácica intensa e falta de ar súbita. Acompanhado por familiar.,urgente
"Queixa de dor abdominal leve a moderada, sem sinais de alarme.",atencao
"Dor lombar moderada, sem sinais neurológicos associados. Acompanhado por familiar.",atencao
"Paciente relata cansaço e mal-estar leve nos últimos dias. Paciente do sexo masculino, 62 anos.",atencao
"Paciente relata check-up de rotina, sem queixas relevantes. Histórico de comorbidades relatado.",normal
"Resultado de exame de rotina normal, sem necessidade de intervenção. Histórico de comorbidades relatado.",normal
"Queixa de dor abdominal leve a moderada, sem sinais de alarme. Paciente do sexo masculino, 62 anos.",atencao
"Pressão arterial levemente elevada, recomendado acompanhamento. Acompanhado por familiar.",atencao
"Exame oftalmológico de rotina sem achados relevantes. Paciente do sexo feminino, 45 anos.",normal
Paciente com convulsões recorrentes e perda de consciência.,urgente
"Paciente com febre alta e rigidez de nuca, suspeita de meningite. Paciente do sexo feminino, 45 anos.",urgente
Paciente com histórico de alergia relata leve reação cutânea. Histórico de comorbidades relatado.,atencao
"Politraumatismo grave após queda de altura, necessita intervenção imediata.",urgente
"Trauma craniano grave após acidente, paciente inconsciente. Encaminhado pelo pronto atendimento.",urgente
"Hemorragia intensa, paciente com sinais de choque hipovolêmico. Sem histórico médico relevante.",urgente
"Dor abdominal súbita e intensa com abdome em tábua, suspeita de abdome agudo. Acompanhado por familiar.",urgente
"Trauma craniano grave após acidente, paciente inconsciente. Encaminhado pelo pronto atendimento.",urgente
"Paciente relata cansaço e mal-estar leve nos últimos dias. Paciente do sexo masculino, 62 anos.",atencao
"Trauma craniano grave após acidente, paciente inconsciente.",urgente
Paciente apresenta dor torácica intensa e falta de ar súbita. Histórico de comorbidades relatado.,urgente
"Resultado de exame de rotina normal, sem necessidade de intervenção.",normal
"Paciente relata bem-estar geral, sinais vitais normais. Histórico de comorbidades relatado.",normal
"Politraumatismo grave após queda de altura, necessita intervenção imediata. Sem histórico médico relevante.",urgente
"Sinais vitais instáveis, saturação de oxigênio criticamente baixa. Acompanhado por familiar.",urgente
"Exame indica leve alteração em enzimas hepáticas, necessita reavaliação. Acompanhado por familiar.",atencao
"Sinais de acidente vascular cerebral: perda de força e fala arrastada. Paciente do sexo feminino, 45 anos.",urgente
Paciente apresenta dor torácica intensa e falta de ar súbita. Acompanhado por familiar.,urgente
"Exame indica leve alteração em enzimas hepáticas, necessita reavaliação. Acompanhado por familiar.",atencao
Exame oftalmológico de rotina sem achados relevantes. Encaminhado pelo pronto atendimento.,normal
"Politraumatismo grave após queda de altura, necessita intervenção imediata. Encaminhado pelo pronto atendimento.",urgente
"Dor abdominal súbita e intensa com abdome em tábua, suspeita de abdome agudo.",urgente
"Pressão arterial levemente elevada, recomendado acompanhamento. Histórico de comorbidades relatado.",atencao
"Paciente comparece para avaliação preventiva anual, tudo normal.",normal
"Queixa de dor abdominal leve a moderada, sem sinais de alarme. Encaminhado pelo pronto atendimento.",atencao
Paciente relata cansaço e mal-estar leve nos últimos dias. Acompanhado por familiar.,atencao
"Glicemia de jejum levemente alterada, indicado acompanhamento nutricional. Encaminhado pelo pronto atendimento.",atencao
"Exame de sangue dentro dos parâmetros normais, sem alterações significativas. Histórico de comorbidades relatado.",normal
Paciente com convulsões recorrentes e perda de consciência. Histórico de comorbidades relatado.,urgente
Exame oftalmológico de rotina sem achados relevantes.,normal
"Raio-x de tórax sem alterações, paciente assintomático. Sem histórico médico relevante.",normal
"Sinais vitais instáveis, saturação de oxigênio criticamente baixa. Sem histórico médico relevante.",urgente
Exame oftalmológico de rotina sem achados relevantes. Encaminhado pelo pronto atendimento.,normal
Paciente relata cansaço e mal-estar leve nos últimos dias.,atencao
"Paciente relata check-up de rotina, sem queixas relevantes. Histórico de comorbidades relatado.",normal
"Pressão arterial levemente elevada, recomendado acompanhamento.",atencao
"Hemograma completo dentro da normalidade, sem sinais de infecção.",normal
"Pressão arterial levemente elevada, recomendado acompanhamento. Histórico de comorbidades relatado.",atencao
"Paciente relata check-up de rotina, sem queixas relevantes.",normal
"Paciente apresenta dor torácica intensa e falta de ar súbita. Paciente do sexo feminino, 45 anos.",urgente
Paciente com convulsões recorrentes e perda de consciência. Histórico de comorbidades relatado.,urgente
"Paciente comparece para avaliação preventiva anual, tudo normal. Histórico de comorbidades relatado.",normal
Paciente relata cansaço e mal-estar leve nos últimos dias.,atencao
"Sinais vitais instáveis, saturação de oxigênio criticamente baixa. Acompanhado por familiar.",urgente
Vacinação de rotina realizada sem intercorrências. Acompanhado por familiar.,normal
"Dor abdominal súbita e intensa com abdome em tábua, suspeita de abdome agudo. Acompanhado por familiar.",urgente
Exame oftalmológico de rotina sem achados relevantes. Encaminhado pelo pronto atendimento.,normal
"Dor lombar moderada, sem sinais neurológicos associados. Paciente do sexo feminino, 45 anos.",atencao
"Trauma craniano grave após acidente, paciente inconsciente. Histórico de comorbidades relatado.",urgente
Sinais de acidente vascular cerebral: perda de força e fala arrastada. Acompanhado por familiar.,urgente
"Exame de sangue dentro dos parâmetros normais, sem alterações significativas. Histórico de comorbidades relatado.",normal
"Raio-x de tórax sem alterações, paciente assintomático. Sem histórico médico relevante.",normal
"Consulta de retorno, paciente estável, sem sintomas novos.",normal
Exame oftalmológico de rotina sem achados relevantes. Sem histórico médico relevante.,normal
"Dor abdominal súbita e intensa com abdome em tábua, suspeita de abdome agudo. Sem histórico médico relevante.",urgente
"Exame oftalmológico de rotina sem achados relevantes. Paciente do sexo masculino, 62 anos.",normal
"Paciente com histórico de alergia relata leve reação cutânea. Paciente do sexo masculino, 62 anos.",atencao
"Paciente apresenta dor torácica intensa e falta de ar súbita. Paciente do sexo masculino, 62 anos.",urgente
"Paciente comparece para avaliação preventiva anual, tudo normal. Acompanhado por familiar.",normal
"Paciente comparece para avaliação preventiva anual, tudo normal. Sem histórico médico relevante.",normal
Sinais de acidente vascular cerebral: perda de força e fala arrastada.,urgente
"Dor lombar moderada, sem sinais neurológicos associados. Paciente do sexo feminino, 45 anos.",atencao
"Paciente relata tosse persistente há uma semana, sem falta de ar. Paciente do sexo masculino, 62 anos.",atencao
"Raio-x de tórax sem alterações, paciente assintomático. Sem histórico médico relevante.",normal
Paciente relata cansaço e mal-estar leve nos últimos dias. Encaminhado pelo pronto atendimento.,atencao
Sinais de acidente vascular cerebral: perda de força e fala arrastada. Histórico de comorbidades relatado.,urgente
"Hemorragia intensa, paciente com sinais de choque hipovolêmico. Sem histórico médico relevante.",urgente
"Paciente com febre alta e rigidez de nuca, suspeita de meningite. Acompanhado por familiar.",urgente
"Politraumatismo grave após queda de altura, necessita intervenção imediata. Paciente do sexo feminino, 45 anos.",urgente
"Resultado de exame de rotina normal, sem necessidade de intervenção. Sem histórico médico relevante.",normal
"Hemograma completo dentro da normalidade, sem sinais de infecção. Paciente do sexo feminino, 45 anos.",normal
"Dor abdominal súbita e intensa com abdome em tábua, suspeita de abdome agudo.",urgente
Reação alérgica grave com edema de glote e dificuldade respiratória.,urgente
"Consulta de retorno, paciente estável, sem sintomas novos. Histórico de comorbidades relatado.",normal
"Paciente relata tosse persistente há uma semana, sem falta de ar. Acompanhado por familiar.",atencao
Reação alérgica grave com edema de glote e dificuldade respiratória.,urgente
"Pequena ferida com sinais iniciais de inflamação, sem pus. Paciente do sexo feminino, 45 anos.",atencao
"Paciente relata check-up de rotina, sem queixas relevantes.",normal
"Hemograma completo dentro da normalidade, sem sinais de infecção. Acompanhado por familiar.",normal
"Exame oftalmológico de rotina sem achados relevantes. Paciente do sexo feminino, 45 anos.",normal
Sinais de acidente vascular cerebral: perda de força e fala arrastada. Histórico de comorbidades relatado.,urgente
Reação alérgica grave com edema de glote e dificuldade respiratória. Histórico de comorbidades relatado.,urgente
Paciente com convulsões recorrentes e perda de consciência. Histórico de comorbidades relatado.,urgente
"Consulta de retorno, paciente estável, sem sintomas novos. Sem histórico médico relevante.",normal
"Raio-x de tórax sem alterações, paciente assintomático. Paciente do sexo masculino, 62 anos.",normal
Exame oftalmológico de rotina sem achados relevantes. Acompanhado por familiar.,normal
"Resultado de exame de rotina normal, sem necessidade de intervenção. Encaminhado pelo pronto atendimento.",normal
Paciente com convulsões recorrentes e perda de consciência. Sem histórico médico relevante.,urgente
"Resultado de exame de rotina normal, sem necessidade de intervenção. Acompanhado por familiar.",normal
"Glicemia de jejum levemente alterada, indicado acompanhamento nutricional. Sem histórico médico relevante.",atencao
"Glicemia de jejum levemente alterada, indicado acompanhamento nutricional. Paciente do sexo feminino, 45 anos.",atencao
"Pequena ferida com sinais iniciais de inflamação, sem pus.",atencao
"Queixa de dor abdominal leve a moderada, sem sinais de alarme. Paciente do sexo masculino, 62 anos.",atencao
"Resultado de exame de rotina normal, sem necessidade de intervenção. Acompanhado por familiar.",normal
"Dor abdominal súbita e intensa com abdome em tábua, suspeita de abdome agudo. Paciente do sexo masculino, 62 anos.",urgente
Exame oftalmológico de rotina sem achados relevantes. Encaminhado pelo pronto atendimento.,normal
Vacinação de rotina realizada sem intercorrências. Encaminhado pelo pronto atendimento.,normal
"Paciente com convulsões recorrentes e perda de consciência. Paciente do sexo masculino, 62 anos.",urgente
"Paciente com histórico de alergia relata leve reação cutânea. Paciente do sexo masculino, 62 anos.",atencao
"Paciente relata bem-estar geral, sinais vitais normais. Encaminhado pelo pronto atendimento.",normal
"Exame de sangue dentro dos parâmetros normais, sem alterações significativas. Sem histórico médico relevante.",normal
"Consulta de retorno, paciente estável, sem sintomas novos. Histórico de comorbidades relatado.",normal
"Paciente comparece para avaliação preventiva anual, tudo normal. Paciente do sexo feminino, 45 anos.",normal
"Reação alérgica grave com edema de glote e dificuldade respiratória. Paciente do sexo feminino, 45 anos.",urgente
Paciente com convulsões recorrentes e perda de consciência. Acompanhado por familiar.,urgente
"Consulta de retorno, paciente estável, sem sintomas novos. Sem histórico médico relevante.",normal
"Paciente relata check-up de rotina, sem queixas relevantes. Sem histórico médico relevante.",normal
"Paciente com febre alta e rigidez de nuca, suspeita de meningite. Paciente do sexo masculino, 62 anos.",urgente
Paciente relata cansaço e mal-estar leve nos últimos dias. Acompanhado por familiar.,atencao
Paciente com convulsões recorrentes e perda de consciência. Encaminhado pelo pronto atendimento.,urgente
"Glicemia de jejum levemente alterada, indicado acompanhamento nutricional. Acompanhado por familiar.",atencao
"Pequena ferida com sinais iniciais de inflamação, sem pus.",atencao
"Hemograma completo dentro da normalidade, sem sinais de infecção. Paciente do sexo masculino, 62 anos.",normal
"Exame indica leve alteração em enzimas hepáticas, necessita reavaliação. Paciente do sexo masculino, 62 anos.",atencao
"Exame indica leve alteração em enzimas hepáticas, necessita reavaliação. Sem histórico médico relevante.",atencao
"Trauma craniano grave após acidente, paciente inconsciente.",urgente
"Dor abdominal súbita e intensa com abdome em tábua, suspeita de abdome agudo. Paciente do sexo masculino, 62 anos.",urgente
"Sinais vitais instáveis, saturação de oxigênio criticamente baixa.",urgente
"Glicemia de jejum levemente alterada, indicado acompanhamento nutricional.",atencao
Paciente relata cansaço e mal-estar leve nos últimos dias. Sem histórico médico relevante.,atencao
"Sinais de acidente vascular cerebral: perda de força e fala arrastada. Paciente do sexo masculino, 62 anos.",urgente
"Dor lombar moderada, sem sinais neurológicos associados.",atencao
"Raio-x de tórax sem alterações, paciente assintomático. Sem histórico médico relevante.",normal
"Pressão arterial levemente elevada, recomendado acompanhamento. Encaminhado pelo pronto atendimento.",atencao
Paciente relata cansaço e mal-estar leve nos últimos dias. Sem histórico médico relevante.,atencao
"Paciente apresenta dor torácica intensa e falta de ar súbita. Paciente do sexo feminino, 45 anos.",urgente
"Paciente com febre baixa persistente há 3 dias, sem outros sintomas graves. Encaminhado pelo pronto atendimento.",atencao
"Raio-x de tórax sem alterações, paciente assintomático. Encaminhado pelo pronto atendimento.",normal
"Paciente comparece para avaliação preventiva anual, tudo normal. Acompanhado por familiar.",normal
"Hemograma completo dentro da normalidade, sem sinais de infecção. Histórico de comorbidades relatado.",normal
"Dor abdominal súbita e intensa com abdome em tábua, suspeita de abdome agudo.",urgente
"Paciente com febre alta e rigidez de nuca, suspeita de meningite. Sem histórico médico relevante.",urgente
"Sinais vitais instáveis, saturação de oxigênio criticamente baixa. Encaminhado pelo pronto atendimento.",urgente
"Dor lombar moderada, sem sinais neurológicos associados. Paciente do sexo masculino, 62 anos.",atencao
"Trauma craniano grave após acidente, paciente inconsciente. Histórico de comorbidades relatado.",urgente
"Trauma craniano grave após acidente, paciente inconsciente. Histórico de comorbidades relatado.",urgente
"Raio-x de tórax sem alterações, paciente assintomático. Encaminhado pelo pronto atendimento.",normal
Paciente com histórico de alergia relata leve reação cutânea. Acompanhado por familiar.,atencao
"Exame de sangue dentro dos parâmetros normais, sem alterações significativas. Acompanhado por familiar.",normal
"Queixa de dor abdominal leve a moderada, sem sinais de alarme. Histórico de comorbidades relatado.",atencao
"Dor abdominal súbita e intensa com abdome em tábua, suspeita de abdome agudo.",urgente
Exame oftalmológico de rotina sem achados relevantes.,normal
"Dor abdominal súbita e intensa com abdome em tábua, suspeita de abdome agudo. Sem histórico médico relevante.",urgente
"Dor abdominal súbita e intensa com abdome em tábua, suspeita de abdome agudo.",urgente
"Politraumatismo grave após queda de altura, necessita intervenção imediata. Paciente do sexo feminino, 45 anos.",urgente
"Raio-x de tórax sem alterações, paciente assintomático. Paciente do sexo masculino, 62 anos.",normal
"Dor lombar moderada, sem sinais neurológicos associados. Acompanhado por familiar.",atencao
"Pressão arterial levemente elevada, recomendado acompanhamento. Sem histórico médico relevante.",atencao
"Paciente com febre alta e rigidez de nuca, suspeita de meningite. Paciente do sexo feminino, 45 anos.",urgente
"Paciente relata check-up de rotina, sem queixas relevantes. Encaminhado pelo pronto atendimento.",normal
"Exame de sangue dentro dos parâmetros normais, sem alterações significativas. Histórico de comorbidades relatado.",normal
"Trauma craniano grave após acidente, paciente inconsciente. Histórico de comorbidades relatado.",urgente
"Politraumatismo grave após queda de altura, necessita intervenção imediata. Sem histórico médico relevante.",urgente
Reação alérgica grave com edema de glote e dificuldade respiratória. Encaminhado pelo pronto atendimento.,urgente
"Exame indica leve alteração em enzimas hepáticas, necessita reavaliação.",atencao
"Raio-x de tórax sem alterações, paciente assintomático. Histórico de comorbidades relatado.",normal
"Pressão arterial levemente elevada, recomendado acompanhamento. Acompanhado por familiar.",atencao
Exame oftalmológico de rotina sem achados relevantes. Acompanhado por familiar.,normal
"Pressão arterial levemente elevada, recomendado acompanhamento. Sem histórico médico relevante.",atencao
Vacinação de rotina realizada sem intercorrências. Sem histórico médico relevante.,normal
"Dor abdominal súbita e intensa com abdome em tábua, suspeita de abdome agudo. Paciente do sexo feminino, 45 anos.",urgente
"Pequena ferida com sinais iniciais de inflamação, sem pus. Histórico de comorbidades relatado.",atencao
"Paciente relata cansaço e mal-estar leve nos últimos dias. Paciente do sexo feminino, 45 anos.",atencao
"Paciente relata tosse persistente há uma semana, sem falta de ar. Sem histórico médico relevante.",atencao
Paciente relata cansaço e mal-estar leve nos últimos dias.,atencao
"Trauma craniano grave após acidente, paciente inconsciente. Encaminhado pelo pronto atendimento.",urgente
"Dor lombar moderada, sem sinais neurológicos associados. Acompanhado por familiar.",atencao
"Exame de sangue dentro dos parâmetros normais, sem alterações significativas. Acompanhado por familiar.",normal
"Paciente com febre alta e rigidez de nuca, suspeita de meningite. Sem histórico médico relevante.",urgente
"Pequena ferida com sinais iniciais de inflamação, sem pus. Encaminhado pelo pronto atendimento.",atencao
"Sinais vitais instáveis, saturação de oxigênio criticamente baixa. Paciente do sexo feminino, 45 anos.",urgente
"Hemorragia intensa, paciente com sinais de choque hipovolêmico. Paciente do sexo masculino, 62 anos.",urgente
"Paciente relata cansaço e mal-estar leve nos últimos dias. Paciente do sexo masculino, 62 anos.",atencao
Paciente com convulsões recorrentes e perda de consciência. Histórico de comorbidades relatado.,urgente
"Sinais vitais instáveis, saturação de oxigênio criticamente baixa. Histórico de comorbidades relatado.",urgente
"Trauma craniano grave após acidente, paciente inconsciente. Paciente do sexo masculino, 62 anos.",urgente
"Paciente relata bem-estar geral, sinais vitais normais. Acompanhado por familiar.",normal
"Exame de sangue dentro dos parâmetros normais, sem alterações significativas. Sem histórico médico relevante.",normal
Sinais de acidente vascular cerebral: perda de força e fala arrastada. Histórico de comorbidades relatado.,urgente
"Paciente relata check-up de rotina, sem queixas relevantes. Histórico de comorbidades relatado.",normal
"Queixa de dor abdominal leve a moderada, sem sinais de alarme. Histórico de comorbidades relatado.",atencao
Paciente relata cansaço e mal-estar leve nos últimos dias.,atencao
"Reação alérgica grave com edema de glote e dificuldade respiratória. Paciente do sexo masculino, 62 anos.",urgente
"Queixa de dor abdominal leve a moderada, sem sinais de alarme. Acompanhado por familiar.",atencao
"Reação alérgica grave com edema de glote e dificuldade respiratória. Paciente do sexo feminino, 45 anos.",urgente
"Paciente relata check-up de rotina, sem queixas relevantes. Paciente do sexo masculino, 62 anos.",normal
"Pequena ferida com sinais iniciais de inflamação, sem pus. Paciente do sexo feminino, 45 anos.",atencao
"Paciente relata check-up de rotina, sem queixas relevantes. Paciente do sexo masculino, 62 anos.",normal
"Raio-x de tórax sem alterações, paciente assintomático. Encaminhado pelo pronto atendimento.",normal
"Sinais vitais instáveis, saturação de oxigênio criticamente baixa. Acompanhado por familiar.",urgente
"Pequena ferida com sinais iniciais de inflamação, sem pus. Encaminhado pelo pronto atendimento.",atencao
"Hemograma completo dentro da normalidade, sem sinais de infecção. Encaminhado pelo pronto atendimento.",normal
"Trauma craniano grave após acidente, paciente inconsciente. Sem histórico médico relevante.",urgente
"Dor lombar moderada, sem sinais neurológicos associados. Paciente do sexo masculino, 62 anos.",atencao
"Reação alérgica grave com edema de glote e dificuldade respiratória. Paciente do sexo masculino, 62 anos.",urgente
"Glicemia de jejum levemente alterada, indicado acompanhamento nutricional. Histórico de comorbidades relatado.",atencao
Paciente relata cansaço e mal-estar leve nos últimos dias. Sem histórico médico relevante.,atencao
"Glicemia de jejum levemente alterada, indicado acompanhamento nutricional. Paciente do sexo masculino, 62 anos.",atencao
"Exame indica leve alteração em enzimas hepáticas, necessita reavaliação. Paciente do sexo masculino, 62 anos.",atencao
"Dor lombar moderada, sem sinais neurológicos associados. Histórico de comorbidades relatado.",atencao
"Dor abdominal súbita e intensa com abdome em tábua, suspeita de abdome agudo. Paciente do sexo masculino, 62 anos.",urgente
"Hemorragia intensa, paciente com sinais de choque hipovolêmico. Acompanhado por familiar.",urgente
"Paciente comparece para avaliação preventiva anual, tudo normal.",normal
"Exame indica leve alteração em enzimas hepáticas, necessita reavaliação. Paciente do sexo masculino, 62 anos.",atencao
"Pequena ferida com sinais iniciais de inflamação, sem pus. Histórico de comorbidades relatado.",atencao
"Hemograma completo dentro da normalidade, sem sinais de infecção. Histórico de comorbidades relatado.",normal
"Politraumatismo grave após queda de altura, necessita intervenção imediata. Paciente do sexo masculino, 62 anos.",urgente
"Exame de sangue dentro dos parâmetros normais, sem alterações significativas. Histórico de comorbidades relatado.",normal
"Sinais vitais instáveis, saturação de oxigênio criticamente baixa. Sem histórico médico relevante.",urgente
"Paciente relata check-up de rotina, sem queixas relevantes. Paciente do sexo masculino, 62 anos.",normal
"Hemorragia intensa, paciente com sinais de choque hipovolêmico. Sem histórico médico relevante.",urgente
"Paciente com febre alta e rigidez de nuca, suspeita de meningite. Encaminhado pelo pronto atendimento.",urgente
"Paciente relata tosse persistente há uma semana, sem falta de ar. Acompanhado por familiar.",atencao
"Paciente com febre baixa persistente há 3 dias, sem outros sintomas graves. Paciente do sexo masculino, 62 anos.",atencao
"Paciente relata check-up de rotina, sem queixas relevantes. Sem histórico médico relevante.",normal
"Paciente relata check-up de rotina, sem queixas relevantes. Paciente do sexo masculino, 62 anos.",normal
"Reação alérgica grave com edema de glote e dificuldade respiratória. Paciente do sexo feminino, 45 anos.",urgente
"Paciente com febre alta e rigidez de nuca, suspeita de meningite.",urgente
"Reação alérgica grave com edema de glote e dificuldade respiratória. Paciente do sexo masculino, 62 anos.",urgente
"Consulta de retorno, paciente estável, sem sintomas novos.",normal
"Paciente apresenta dor torácica intensa e falta de ar súbita. Paciente do sexo masculino, 62 anos.",urgente
"Glicemia de jejum levemente alterada, indicado acompanhamento nutricional. Encaminhado pelo pronto atendimento.",atencao
Paciente com histórico de alergia relata leve reação cutânea. Histórico de comorbidades relatado.,atencao
"Consulta de retorno, paciente estável, sem sintomas novos. Sem histórico médico relevante.",normal
"Glicemia de jejum levemente alterada, indicado acompanhamento nutricional.",atencao
"Pressão arterial levemente elevada, recomendado acompanhamento. Paciente do sexo feminino, 45 anos.",atencao
"Sinais vitais instáveis, saturação de oxigênio criticamente baixa. Sem histórico médico relevante.",urgente
"Dor abdominal súbita e intensa com abdome em tábua, suspeita de abdome agudo. Acompanhado por familiar.",urgente
"Sinais vitais instáveis, saturação de oxigênio criticamente baixa. Encaminhado pelo pronto atendimento.",urgente
"Paciente relata bem-estar geral, sinais vitais normais.",normal
"Paciente relata tosse persistente há uma semana, sem falta de ar.",atencao
Exame oftalmológico de rotina sem achados relevantes. Sem histórico médico relevante.,normal
"Pressão arterial levemente elevada, recomendado acompanhamento.",atencao
"Paciente relata bem-estar geral, sinais vitais normais. Paciente do sexo feminino, 45 anos.",normal
"Exame indica leve alteração em enzimas hepáticas, necessita reavaliação. Acompanhado por familiar.",atencao
"Hemorragia intensa, paciente com sinais de choque hipovolêmico. Acompanhado por familiar.",urgente
"Paciente relata bem-estar geral, sinais vitais normais.",normal
"Paciente com convulsões recorrentes e perda de consciência. Paciente do sexo feminino, 45 anos.",urgente
"Paciente relata cansaço e mal-estar leve nos últimos dias. Paciente do sexo masculino, 62 anos.",atencao
"Exame de sangue dentro dos parâmetros normais, sem alterações significativas. Encaminhado pelo pronto atendimento.",normal
"Queixa de dor abdominal leve a moderada, sem sinais de alarme. Acompanhado por familiar.",atencao
"Raio-x de tórax sem alterações, paciente assintomático. Histórico de comorbidades relatado.",normal
"Paciente relata check-up de rotina, sem queixas relevantes. Histórico de comorbidades relatado.",normal
"Paciente com febre alta e rigidez de nuca, suspeita de meningite. Paciente do sexo feminino, 45 anos.",urgente
Paciente apresenta dor torácica intensa e falta de ar súbita.,urgente
"Trauma craniano grave após acidente, paciente inconsciente. Paciente do sexo feminino, 45 anos.",urgente
"Hemograma completo dentro da normalidade, sem sinais de infecção. Acompanhado por familiar.",normal
"Paciente com febre alta e rigidez de nuca, suspeita de meningite. Histórico de comorbidades relatado.",urgente
"Hemorragia intensa, paciente com sinais de choque hipovolêmico.",urgente
"Exame indica leve alteração em enzimas hepáticas, necessita reavaliação. Histórico de comorbidades relatado.",atencao
"Resultado de exame de rotina normal, sem necessidade de intervenção. Acompanhado por familiar.",normal
"Glicemia de jejum levemente alterada, indicado acompanhamento nutricional. Paciente do sexo masculino, 62 anos.",atencao
Paciente com convulsões recorrentes e perda de consciência. Acompanhado por familiar.,urgente
"Consulta de retorno, paciente estável, sem sintomas novos. Encaminhado pelo pronto atendimento.",normal
"Trauma craniano grave após acidente, paciente inconsciente. Acompanhado por familiar.",urgente
"Sinais de acidente vascular cerebral: perda de força e fala arrastada. Paciente do sexo masculino, 62 anos.",urgente
"Politraumatismo grave após queda de altura, necessita intervenção imediata. Encaminhado pelo pronto atendimento.",urgente
"Raio-x de tórax sem alterações, paciente assintomático.",normal
Exame oftalmológico de rotina sem achados relevantes. Encaminhado pelo pronto atendimento.,normal
Paciente com histórico de alergia relata leve reação cutânea. Histórico de comorbidades relatado.,atencao
"Politraumatismo grave após queda de altura, necessita intervenção imediata. Encaminhado pelo pronto atendimento.",urgente
Paciente com convulsões recorrentes e perda de consciência. Acompanhado por familiar.,urgente
"Paciente relata bem-estar geral, sinais vitais normais. Encaminhado pelo pronto atendimento.",normal
"Consulta de retorno, paciente estável, sem sintomas novos. Paciente do sexo masculino, 62 anos.",normal
"Queixa de dor abdominal leve a moderada, sem sinais de alarme. Acompanhado por familiar.",atencao
Paciente com convulsões recorrentes e perda de consciência. Sem histórico médico relevante.,urgente
Paciente relata cansaço e mal-estar leve nos últimos dias. Histórico de comorbidades relatado.,atencao
"Sinais vitais instáveis, saturação de oxigênio criticamente baixa. Histórico de comorbidades relatado.",urgente
Paciente com histórico de alergia relata leve reação cutânea. Histórico de comorbidades relatado.,atencao
"Trauma craniano grave após acidente, paciente inconsciente. Acompanhado por familiar.",urgente
Vacinação de rotina realizada sem intercorrências.,normal
Vacinação de rotina realizada sem intercorrências. Histórico de comorbidades relatado.,normal
Reação alérgica grave com edema de glote e dificuldade respiratória. Histórico de comorbidades relatado.,urgente
"Paciente com febre baixa persistente há 3 dias, sem outros sintomas graves. Histórico de comorbidades relatado.",atencao
Paciente apresenta dor torácica intensa e falta de ar súbita. Encaminhado pelo pronto atendimento.,urgente
"Hemorragia intensa, paciente com sinais de choque hipovolêmico.",urgente
"Pressão arterial levemente elevada, recomendado acompanhamento. Paciente do sexo masculino, 62 anos.",atencao
Paciente com convulsões recorrentes e perda de consciência. Acompanhado por familiar.,urgente
"Sinais de acidente vascular cerebral: perda de força e fala arrastada. Paciente do sexo feminino, 45 anos.",urgente
"Vacinação de rotina realizada sem intercorrências. Paciente do sexo masculino, 62 anos.",normal
"Politraumatismo grave após queda de altura, necessita intervenção imediata. Histórico de comorbidades relatado.",urgente
"Paciente relata bem-estar geral, sinais vitais normais. Acompanhado por familiar.",normal
"Paciente relata check-up de rotina, sem queixas relevantes.",normal
"Raio-x de tórax sem alterações, paciente assintomático. Sem histórico médico relevante.",normal
"Exame oftalmológico de rotina sem achados relevantes. Paciente do sexo masculino, 62 anos.",normal
Paciente apresenta dor torácica intensa e falta de ar súbita. Histórico de comorbidades relatado.,urgente
"Paciente relata bem-estar geral, sinais vitais normais. Paciente do sexo masculino, 62 anos.",normal
Paciente com histórico de alergia relata leve reação cutânea. Acompanhado por familiar.,atencao
"Sinais vitais instáveis, saturação de oxigênio criticamente baixa. Paciente do sexo feminino, 45 anos.",urgente
"Resultado de exame de rotina normal, sem necessidade de intervenção. Encaminhado pelo pronto atendimento.",normal
"Resultado de exame de rotina normal, sem necessidade de intervenção. Paciente do sexo feminino, 45 anos.",normal
Paciente relata cansaço e mal-estar leve nos últimos dias. Sem histórico médico relevante.,atencao
"Paciente comparece para avaliação preventiva anual, tudo normal. Encaminhado pelo pronto atendimento.",normal
"Consulta de retorno, paciente estável, sem sintomas novos. Histórico de comorbidades relatado.",normal
"Pressão arterial levemente elevada, recomendado acompanhamento. Encaminhado pelo pronto atendimento.",atencao
"Paciente com febre baixa persistente há 3 dias, sem outros sintomas graves. Encaminhado pelo pronto atendimento.",atencao
Reação alérgica grave com edema de glote e dificuldade respiratória.,urgente
"Exame indica leve alteração em enzimas hepáticas, necessita reavaliação. Paciente do sexo masculino, 62 anos.",atencao
Reação alérgica grave com edema de glote e dificuldade respiratória. Acompanhado por familiar.,urgente
"Sinais de acidente vascular cerebral: perda de força e fala arrastada. Paciente do sexo feminino, 45 anos.",urgente
"Hemorragia intensa, paciente com sinais de choque hipovolêmico. Paciente do sexo feminino, 45 anos.",urgente
"Sinais vitais instáveis, saturação de oxigênio criticamente baixa. Encaminhado pelo pronto atendimento.",urgente
"Pequena ferida com sinais iniciais de inflamação, sem pus. Paciente do sexo masculino, 62 anos.",atencao
"Hemograma completo dentro da normalidade, sem sinais de infecção. Paciente do sexo feminino, 45 anos.",normal
"Dor lombar moderada, sem sinais neurológicos associados. Acompanhado por familiar.",atencao
Paciente com histórico de alergia relata leve reação cutânea.,atencao
"Paciente com febre baixa persistente há 3 dias, sem outros sintomas graves. Histórico de comorbidades relatado.",atencao
"Dor abdominal súbita e intensa com abdome em tábua, suspeita de abdome agudo. Paciente do sexo feminino, 45 anos.",urgente
"Dor abdominal súbita e intensa com abdome em tábua, suspeita de abdome agudo. Acompanhado por familiar.",urgente
"Paciente relata bem-estar geral, sinais vitais normais. Histórico de comorbidades relatado.",normal
"Raio-x de tórax sem alterações, paciente assintomático. Encaminhado pelo pronto atendimento.",normal
"Sinais vitais instáveis, saturação de oxigênio criticamente baixa. Sem histórico médico relevante.",urgente
"Paciente com febre baixa persistente há 3 dias, sem outros sintomas graves. Paciente do sexo masculino, 62 anos.",atencao
"Queixa de dor abdominal leve a moderada, sem sinais de alarme. Paciente do sexo masculino, 62 anos.",atencao
"Hemograma completo dentro da normalidade, sem sinais de infecção. Histórico de comorbidades relatado.",normal
"Resultado de exame de rotina normal, sem necessidade de intervenção. Sem histórico médico relevante.",normal
Paciente relata cansaço e mal-estar leve nos últimos dias. Histórico de comorbidades relatado.,atencao
"Sinais vitais instáveis, saturação de oxigênio criticamente baixa. Paciente do sexo masculino, 62 anos.",urgente
Paciente apresenta dor torácica intensa e falta de ar súbita. Acompanhado por familiar.,urgente
Reação alérgica grave com edema de glote e dificuldade respiratória.,urgente
"Trauma craniano grave após acidente, paciente inconsciente. Histórico de comorbidades relatado.",urgente
"Paciente relata bem-estar geral, sinais vitais normais.",normal
"Sinais vitais instáveis, saturação de oxigênio criticamente baixa. Paciente do sexo feminino, 45 anos.",urgente
"Paciente com histórico de alergia relata leve reação cutânea. Paciente do sexo masculino, 62 anos.",atencao
Paciente relata cansaço e mal-estar leve nos últimos dias.,atencao
"Dor lombar moderada, sem sinais neurológicos associados.",atencao
"Dor abdominal súbita e intensa com abdome em tábua, suspeita de abdome agudo. Histórico de comorbidades relatado.",urgente
"Pressão arterial levemente elevada, recomendado acompanhamento.",atencao
"Hemorragia intensa, paciente com sinais de choque hipovolêmico. Paciente do sexo masculino, 62 anos.",urgente
"Hemorragia intensa, paciente com sinais de choque hipovolêmico.",urgente
"Paciente com febre alta e rigidez de nuca, suspeita de meningite. Encaminhado pelo pronto atendimento.",urgente
"Dor lombar moderada, sem sinais neurológicos associados. Sem histórico médico relevante.",atencao
"Paciente com histórico de alergia relata leve reação cutânea. Paciente do sexo masculino, 62 anos.",atencao
"Sinais vitais instáveis, saturação de oxigênio criticamente baixa. Encaminhado pelo pronto atendimento.",urgente
Reação alérgica grave com edema de glote e dificuldade respiratória. Histórico de comorbidades relatado.,urgente
"Glicemia de jejum levemente alterada, indicado acompanhamento nutricional. Paciente do sexo masculino, 62 anos.",atencao
"Paciente relata tosse persistente há uma semana, sem falta de ar. Acompanhado por familiar.",atencao
"Paciente com febre baixa persistente há 3 dias, sem outros sintomas graves. Paciente do sexo feminino, 45 anos.",atencao
"Dor abdominal súbita e intensa com abdome em tábua, suspeita de abdome agudo. Encaminhado pelo pronto atendimento.",urgente
"Paciente relata tosse persistente há uma semana, sem falta de ar. Histórico de comorbidades relatado.",atencao
"Paciente relata tosse persistente há uma semana, sem falta de ar. Paciente do sexo masculino, 62 anos.",atencao
"Dor lombar moderada, sem sinais neurológicos associados. Sem histórico médico relevante.",atencao
"Pressão arterial levemente elevada, recomendado acompanhamento. Sem histórico médico relevante.",atencao
"Paciente relata check-up de rotina, sem queixas relevantes. Paciente do sexo feminino, 45 anos.",normal
"Trauma craniano grave após acidente, paciente inconsciente. Paciente do sexo masculino, 62 anos.",urgente
"Paciente comparece para avaliação preventiva anual, tudo normal. Histórico de comorbidades relatado.",normal
"Glicemia de jejum levemente alterada, indicado acompanhamento nutricional. Paciente do sexo masculino, 62 anos.",atencao
"Queixa de dor abdominal leve a moderada, sem sinais de alarme. Histórico de comorbidades relatado.",atencao
Paciente relata cansaço e mal-estar leve nos últimos dias. Sem histórico médico relevante.,atencao
"Resultado de exame de rotina normal, sem necessidade de intervenção. Paciente do sexo feminino, 45 anos.",normal
"Dor abdominal súbita e intensa com abdome em tábua, suspeita de abdome agudo. Sem histórico médico relevante.",urgente
"Raio-x de tórax sem alterações, paciente assintomático. Encaminhado pelo pronto atendimento.",normal
"Reação alérgica grave com edema de glote e dificuldade respiratória. Paciente do sexo masculino, 62 anos.",urgente
"Paciente relata check-up de rotina, sem queixas relevantes. Paciente do sexo masculino, 62 anos.",normal
"Paciente relata bem-estar geral, sinais vitais normais. Sem histórico médico relevante.",normal
"Paciente relata check-up de rotina, sem queixas relevantes. Acompanhado por familiar.",normal
Reação alérgica grave com edema de glote e dificuldade respiratória. Histórico de comorbidades relatado.,urgente
"Paciente comparece para avaliação preventiva anual, tudo normal. Encaminhado pelo pronto atendimento.",normal
"Pressão arterial levemente elevada, recomendado acompanhamento. Paciente do sexo feminino, 45 anos.",atencao
"Hemograma completo dentro da normalidade, sem sinais de infecção. Sem histórico médico relevante.",normal
"Queixa de dor abdominal leve a moderada, sem sinais de alarme. Encaminhado pelo pronto atendimento.",atencao
Sinais de acidente vascular cerebral: perda de força e fala arrastada. Encaminhado pelo pronto atendimento.,urgente
"Paciente com convulsões recorrentes e perda de consciência. Paciente do sexo masculino, 62 anos.",urgente
"Dor lombar moderada, sem sinais neurológicos associados. Encaminhado pelo pronto atendimento.",atencao
"Pressão arterial levemente elevada, recomendado acompanhamento. Sem histórico médico relevante.",atencao
Reação alérgica grave com edema de glote e dificuldade respiratória. Encaminhado pelo pronto atendimento.,urgente
"Paciente com febre alta e rigidez de nuca, suspeita de meningite.",urgente
"Paciente comparece para avaliação preventiva anual, tudo normal.",normal
Exame oftalmológico de rotina sem achados relevantes.,normal
"Exame de sangue dentro dos parâmetros normais, sem alterações significativas. Sem histórico médico relevante.",normal
"Sinais vitais instáveis, saturação de oxigênio criticamente baixa. Encaminhado pelo pronto atendimento.",urgente
"Pressão arterial levemente elevada, recomendado acompanhamento. Paciente do sexo masculino, 62 anos.",atencao
"Glicemia de jejum levemente alterada, indicado acompanhamento nutricional. Encaminhado pelo pronto atendimento.",atencao
Paciente relata cansaço e mal-estar leve nos últimos dias. Acompanhado por familiar.,atencao
Paciente apresenta dor torácica intensa e falta de ar súbita. Acompanhado por familiar.,urgente
"Queixa de dor abdominal leve a moderada, sem sinais de alarme. Encaminhado pelo pronto atendimento.",atencao
"Raio-x de tórax sem alterações, paciente assintomático. Paciente do sexo feminino, 45 anos.",normal
"Exame indica leve alteração em enzimas hepáticas, necessita reavaliação. Encaminhado pelo pronto atendimento.",atencao
"Paciente com histórico de alergia relata leve reação cutânea. Paciente do sexo masculino, 62 anos.",atencao
"Hemorragia intensa, paciente com sinais de choque hipovolêmico. Sem histórico médico relevante.",urgente
"Pressão arterial levemente elevada, recomendado acompanhamento. Paciente do sexo feminino, 45 anos.",atencao
"Hemograma completo dentro da normalidade, sem sinais de infecção. Acompanhado por familiar.",normal
Paciente apresenta dor torácica intensa e falta de ar súbita. Encaminhado pelo pronto atendimento.,urgente
"Paciente apresenta dor torácica intensa e falta de ar súbita. Paciente do sexo feminino, 45 anos.",urgente
Paciente relata cansaço e mal-estar leve nos últimos dias. Sem histórico médico relevante.,atencao
"Paciente com histórico de alergia relata leve reação cutânea. Paciente do sexo masculino, 62 anos.",atencao
Exame oftalmológico de rotina sem achados relevantes.,normal
"Dor abdominal súbita e intensa com abdome em tábua, suspeita de abdome agudo. Sem histórico médico relevante.",urgente
"Exame de sangue dentro dos parâmetros normais, sem alterações significativas.",normal
"Dor lombar moderada, sem sinais neurológicos associados. Sem histórico médico relevante.",atencao
Paciente com histórico de alergia relata leve reação cutânea. Sem histórico médico relevante.,atencao
"Resultado de exame de rotina normal, sem necessidade de intervenção. Histórico de comorbidades relatado.",normal
"Dor lombar moderada, sem sinais neurológicos associados. Encaminhado pelo pronto atendimento.",atencao
"Dor lombar moderada, sem sinais neurológicos associados.",atencao
"Paciente relata tosse persistente há uma semana, sem falta de ar. Paciente do sexo feminino, 45 anos.",atencao
"Pequena ferida com sinais iniciais de inflamação, sem pus. Acompanhado por familiar.",atencao
"Trauma craniano grave após acidente, paciente inconsciente. Encaminhado pelo pronto atendimento.",urgente
"Paciente com febre alta e rigidez de nuca, suspeita de meningite. Acompanhado por familiar.",urgente
"Sinais de acidente vascular cerebral: perda de força e fala arrastada. Paciente do sexo masculino, 62 anos.",urgente
"Paciente com febre baixa persistente há 3 dias, sem outros sintomas graves. Encaminhado pelo pronto atendimento.",atencao
"Exame indica leve alteração em enzimas hepáticas, necessita reavaliação.",atencao
"Dor abdominal súbita e intensa com abdome em tábua, suspeita de abdome agudo. Encaminhado pelo pronto atendimento.",urgente
"Paciente relata tosse persistente há uma semana, sem falta de ar. Paciente do sexo masculino, 62 anos.",atencao
"Sinais vitais instáveis, saturação de oxigênio criticamente baixa. Paciente do sexo feminino, 45 anos.",urgente
"Exame indica leve alteração em enzimas hepáticas, necessita reavaliação. Paciente do sexo feminino, 45 anos.",atencao
"Paciente com febre alta e rigidez de nuca, suspeita de meningite. Histórico de comorbidades relatado.",urgente
Paciente com convulsões recorrentes e perda de consciência. Sem histórico médico relevante.,urgente
"Paciente relata check-up de rotina, sem queixas relevantes. Paciente do sexo feminino, 45 anos.",normal
Sinais de acidente vascular cerebral: perda de força e fala arrastada. Sem histórico médico relevante.,urgente
"Hemorragia intensa, paciente com sinais de choque hipovolêmico. Encaminhado pelo pronto atendimento.",urgente
"Exame indica leve alteração em enzimas hepáticas, necessita reavaliação. Acompanhado por familiar.",atencao
"Consulta de retorno, paciente estável, sem sintomas novos. Paciente do sexo feminino, 45 anos.",normal
"Sinais vitais instáveis, saturação de oxigênio criticamente baixa. Paciente do sexo feminino, 45 anos.",urgente
"Hemorragia intensa, paciente com sinais de choque hipovolêmico. Sem histórico médico relevante.",urgente
"Consulta de retorno, paciente estável, sem sintomas novos. Paciente do sexo masculino, 62 anos.",normal
"Paciente relata cansaço e mal-estar leve nos últimos dias. Paciente do sexo feminino, 45 anos.",atencao
"Resultado de exame de rotina normal, sem necessidade de intervenção. Histórico de comorbidades relatado.",normal
"Hemograma completo dentro da normalidade, sem sinais de infecção. Acompanhado por familiar.",normal
"Dor abdominal súbita e intensa com abdome em tábua, suspeita de abdome agudo. Paciente do sexo feminino, 45 anos.",urgente
Paciente relata cansaço e mal-estar leve nos últimos dias. Acompanhado por familiar.,atencao
"Raio-x de tórax sem alterações, paciente assintomático.",normal
Paciente apresenta dor torácica intensa e falta de ar súbita. Encaminhado pelo pronto atendimento.,urgente
Paciente relata cansaço e mal-estar leve nos últimos dias. Acompanhado por familiar.,atencao
"Dor lombar moderada, sem sinais neurológicos associados.",atencao
"Trauma craniano grave após acidente, paciente inconsciente. Encaminhado pelo pronto atendimento.",urgente
"Politraumatismo grave após queda de altura, necessita intervenção imediata. Sem histórico médico relevante.",urgente
"Trauma craniano grave após acidente, paciente inconsciente. Encaminhado pelo pronto atendimento.",urgente
"Paciente com febre alta e rigidez de nuca, suspeita de meningite. Encaminhado pelo pronto atendimento.",urgente
"Vacinação de rotina realizada sem intercorrências. Paciente do sexo feminino, 45 anos.",normal
"Exame indica leve alteração em enzimas hepáticas, necessita reavaliação. Paciente do sexo masculino, 62 anos.",atencao
"Pressão arterial levemente elevada, recomendado acompanhamento.",atencao
Paciente com convulsões recorrentes e perda de consciência. Encaminhado pelo pronto atendimento.,urgente
Paciente com convulsões recorrentes e perda de consciência.,urgente
"Queixa de dor abdominal leve a moderada, sem sinais de alarme. Histórico de comorbidades relatado.",atencao
Exame oftalmológico de rotina sem achados relevantes. Sem histórico médico relevante.,normal
"Sinais vitais instáveis, saturação de oxigênio criticamente baixa. Encaminhado pelo pronto atendimento.",urgente
"Exame indica leve alteração em enzimas hepáticas, necessita reavaliação.",atencao
"Dor abdominal súbita e intensa com abdome em tábua, suspeita de abdome agudo. Paciente do sexo masculino, 62 anos.",urgente
"Dor abdominal súbita e intensa com abdome em tábua, suspeita de abdome agudo. Encaminhado pelo pronto atendimento.",urgente
"Pressão arterial levemente elevada, recomendado acompanhamento. Paciente do sexo masculino, 62 anos.",atencao
Paciente apresenta dor torácica intensa e falta de ar súbita. Encaminhado pelo pronto atendimento.,urgente
"Glicemia de jejum levemente alterada, indicado acompanhamento nutricional. Paciente do sexo masculino, 62 anos.",atencao
"Paciente com convulsões recorrentes e perda de consciência. Paciente do sexo masculino, 62 anos.",urgente
"Vacinação de rotina realizada sem intercorrências. Paciente do sexo feminino, 45 anos.",normal
Exame oftalmológico de rotina sem achados relevantes. Sem histórico médico relevante.,normal
"Exame de sangue dentro dos parâmetros normais, sem alterações significativas.",normal
"Resultado de exame de rotina normal, sem necessidade de intervenção. Paciente do sexo feminino, 45 anos.",normal
"Glicemia de jejum levemente alterada, indicado acompanhamento nutricional. Encaminhado pelo pronto atendimento.",atencao
"Paciente relata tosse persistente há uma semana, sem falta de ar. Acompanhado por familiar.",atencao
Sinais de acidente vascular cerebral: perda de força e fala arrastada. Histórico de comorbidades relatado.,urgente
"Glicemia de jejum levemente alterada, indicado acompanhamento nutricional. Paciente do sexo masculino, 62 anos.",atencao
"Dor lombar moderada, sem sinais neurológicos associados. Histórico de comorbidades relatado.",atencao
"Raio-x de tórax sem alterações, paciente assintomático. Paciente do sexo masculino, 62 anos.",normal
"Paciente com febre alta e rigidez de nuca, suspeita de meningite. Acompanhado por familiar.",urgente
"Reação alérgica grave com edema de glote e dificuldade respiratória. Paciente do sexo feminino, 45 anos.",urgente
Paciente relata cansaço e mal-estar leve nos últimos dias. Histórico de comorbidades relatado.,atencao
"Hemograma completo dentro da normalidade, sem sinais de infecção. Paciente do sexo masculino, 62 anos.",normal
"Trauma craniano grave após acidente, paciente inconsciente.",urgente
"Pressão arterial levemente elevada, recomendado acompanhamento. Sem histórico médico relevante.",atencao
"Hemorragia intensa, paciente com sinais de choque hipovolêmico. Encaminhado pelo pronto atendimento.",urgente
"Pressão arterial levemente elevada, recomendado acompanhamento. Encaminhado pelo pronto atendimento.",atencao
"Exame indica leve alteração em enzimas hepáticas, necessita reavaliação. Paciente do sexo feminino, 45 anos.",atencao
"Consulta de retorno, paciente estável, sem sintomas novos. Sem histórico médico relevante.",normal
"Raio-x de tórax sem alterações, paciente assintomático. Acompanhado por familiar.",normal
"Paciente com febre alta e rigidez de nuca, suspeita de meningite. Encaminhado pelo pronto atendimento.",urgente
"Exame de sangue dentro dos parâmetros normais, sem alterações significativas. Sem histórico médico relevante.",normal
"Consulta de retorno, paciente estável, sem sintomas novos. Paciente do sexo feminino, 45 anos.",normal
"Paciente relata bem-estar geral, sinais vitais normais. Encaminhado pelo pronto atendimento.",normal
Paciente com histórico de alergia relata leve reação cutânea. Acompanhado por familiar.,atencao
"Pequena ferida com sinais iniciais de inflamação, sem pus. Encaminhado pelo pronto atendimento.",atencao
"Pressão arterial levemente elevada, recomendado acompanhamento. Sem histórico médico relevante.",atencao
"Hemograma completo dentro da normalidade, sem sinais de infecção.",normal
"Reação alérgica grave com edema de glote e dificuldade respiratória. Paciente do sexo masculino, 62 anos.",urgente
"Pressão arterial levemente elevada, recomendado acompanhamento. Paciente do sexo masculino, 62 anos.",atencao
"Exame indica leve alteração em enzimas hepáticas, necessita reavaliação. Paciente do sexo masculino, 62 anos.",atencao
Reação alérgica grave com edema de glote e dificuldade respiratória.,urgente
Sinais de acidente vascular cerebral: perda de força e fala arrastada. Histórico de comorbidades relatado.,urgente
"Paciente com febre baixa persistente há 3 dias, sem outros sintomas graves. Paciente do sexo masculino, 62 anos.",atencao
"Glicemia de jejum levemente alterada, indicado acompanhamento nutricional. Sem histórico médico relevante.",atencao
"Paciente com febre alta e rigidez de nuca, suspeita de meningite. Paciente do sexo feminino, 45 anos.",urgente
"Paciente relata bem-estar geral, sinais vitais normais.",normal
Paciente apresenta dor torácica intensa e falta de ar súbita. Encaminhado pelo pronto atendimento.,urgente
"Pequena ferida com sinais iniciais de inflamação, sem pus.",atencao
"Paciente relata check-up de rotina, sem queixas relevantes. Paciente do sexo masculino, 62 anos.",normal
"Paciente com febre alta e rigidez de nuca, suspeita de meningite. Sem histórico médico relevante.",urgente
"Paciente relata check-up de rotina, sem queixas relevantes. Paciente do sexo masculino, 62 anos.",normal
"Pressão arterial levemente elevada, recomendado acompanhamento.",atencao
"Exame indica leve alteração em enzimas hepáticas, necessita reavaliação. Paciente do sexo feminino, 45 anos.",atencao
"Paciente relata bem-estar geral, sinais vitais normais. Acompanhado por familiar.",normal
"Paciente com febre alta e rigidez de nuca, suspeita de meningite. Histórico de comorbidades relatado.",urgente
"Paciente com febre baixa persistente há 3 dias, sem outros sintomas graves. Paciente do sexo masculino, 62 anos.",atencao
Vacinação de rotina realizada sem intercorrências. Acompanhado por familiar.,normal
"Queixa de dor abdominal leve a moderada, sem sinais de alarme. Acompanhado por familiar.",atencao
Paciente com convulsões recorrentes e perda de consciência. Histórico de comorbidades relatado.,urgente
"Exame indica leve alteração em enzimas hepáticas, necessita reavaliação. Sem histórico médico relevante.",atencao
"Hemograma completo dentro da normalidade, sem sinais de infecção. Sem histórico médico relevante.",normal
"Vacinação de rotina realizada sem intercorrências. Paciente do sexo feminino, 45 anos.",normal
"Paciente relata bem-estar geral, sinais vitais normais. Histórico de comorbidades relatado.",normal
Reação alérgica grave com edema de glote e dificuldade respiratória.,urgente
"Sinais vitais instáveis, saturação de oxigênio criticamente baixa.",urgente
Exame oftalmológico de rotina sem achados relevantes. Histórico de comorbidades relatado.,normal
"Dor lombar moderada, sem sinais neurológicos associados.",atencao
"Resultado de exame de rotina normal, sem necessidade de intervenção. Encaminhado pelo pronto atendimento.",normal
"Paciente relata bem-estar geral, sinais vitais normais. Encaminhado pelo pronto atendimento.",normal
Sinais de acidente vascular cerebral: perda de força e fala arrastada. Sem histórico médico relevante.,urgente
"Hemorragia intensa, paciente com sinais de choque hipovolêmico.",urgente
"Paciente relata cansaço e mal-estar leve nos últimos dias. Paciente do sexo masculino, 62 anos.",atencao
"Paciente comparece para avaliação preventiva anual, tudo normal. Acompanhado por familiar.",normal
"Hemograma completo dentro da normalidade, sem sinais de infecção. Encaminhado pelo pronto atendimento.",normal
"Pressão arterial levemente elevada, recomendado acompanhamento. Acompanhado por familiar.",atencao
"Paciente com febre baixa persistente há 3 dias, sem outros sintomas graves.",atencao
"Raio-x de tórax sem alterações, paciente assintomático. Sem histórico médico relevante.",normal
"Hemorragia intensa, paciente com sinais de choque hipovolêmico. Sem histórico médico relevante.",urgente
"Exame de sangue dentro dos parâmetros normais, sem alterações significativas. Encaminhado pelo pronto atendimento.",normal
Vacinação de rotina realizada sem intercorrências. Encaminhado pelo pronto atendimento.,normal
Vacinação de rotina realizada sem intercorrências. Sem histórico médico relevante.,normal
"Resultado de exame de rotina normal, sem necessidade de intervenção. Paciente do sexo masculino, 62 anos.",normal
"Pressão arterial levemente elevada, recomendado acompanhamento. Acompanhado por familiar.",atencao
"Paciente relata check-up de rotina, sem queixas relevantes. Encaminhado pelo pronto atendimento.",normal
"Reação alérgica grave com edema de glote e dificuldade respiratória. Paciente do sexo masculino, 62 anos.",urgente
"Glicemia de jejum levemente alterada, indicado acompanhamento nutricional.",atencao
"Consulta de retorno, paciente estável, sem sintomas novos. Encaminhado pelo pronto atendimento.",normal
Exame oftalmológico de rotina sem achados relevantes. Encaminhado pelo pronto atendimento.,normal
"Consulta de retorno, paciente estável, sem sintomas novos. Encaminhado pelo pronto atendimento.",normal
Paciente com histórico de alergia relata leve reação cutânea. Encaminhado pelo pronto atendimento.,atencao
"Paciente com febre baixa persistente há 3 dias, sem outros sintomas graves. Acompanhado por familiar.",atencao
"Trauma craniano grave após acidente, paciente inconsciente. Paciente do sexo feminino, 45 anos.",urgente
"Glicemia de jejum levemente alterada, indicado acompanhamento nutricional. Encaminhado pelo pronto atendimento.",atencao
"Hemograma completo dentro da normalidade, sem sinais de infecção. Sem histórico médico relevante.",normal
"Paciente relata bem-estar geral, sinais vitais normais. Sem histórico médico relevante.",normal
"Politraumatismo grave após queda de altura, necessita intervenção imediata. Acompanhado por familiar.",urgente
"Hemograma completo dentro da normalidade, sem sinais de infecção. Acompanhado por familiar.",normal
"Exame indica leve alteração em enzimas hepáticas, necessita reavaliação. Paciente do sexo feminino, 45 anos.",atencao
"Exame de sangue dentro dos parâmetros normais, sem alterações significativas. Sem histórico médico relevante.",normal
"Consulta de retorno, paciente estável, sem sintomas novos. Encaminhado pelo pronto atendimento.",normal
"Sinais vitais instáveis, saturação de oxigênio criticamente baixa. Encaminhado pelo pronto atendimento.",urgente
"Politraumatismo grave após queda de altura, necessita intervenção imediata. Acompanhado por familiar.",urgente
Sinais de acidente vascular cerebral: perda de força e fala arrastada. Acompanhado por familiar.,urgente
"Hemorragia intensa, paciente com sinais de choque hipovolêmico. Acompanhado por familiar.",urgente
Paciente com convulsões recorrentes e perda de consciência. Acompanhado por familiar.,urgente
"Sinais vitais instáveis, saturação de oxigênio criticamente baixa. Histórico de comorbidades relatado.",urgente
"Consulta de retorno, paciente estável, sem sintomas novos. Histórico de comorbidades relatado.",normal
"Pressão arterial levemente elevada, recomendado acompanhamento. Paciente do sexo feminino, 45 anos.",atencao
"Paciente com febre baixa persistente há 3 dias, sem outros sintomas graves. Encaminhado pelo pronto atendimento.",atencao
"Hemograma completo dentro da normalidade, sem sinais de infecção. Acompanhado por familiar.",normal
"Exame indica leve alteração em enzimas hepáticas, necessita reavaliação. Sem histórico médico relevante.",atencao
"Paciente com febre alta e rigidez de nuca, suspeita de meningite. Paciente do sexo feminino, 45 anos.",urgente
Reação alérgica grave com edema de glote e dificuldade respiratória. Sem histórico médico relevante.,urgente
Vacinação de rotina realizada sem intercorrências. Sem histórico médico relevante.,normal
"Paciente comparece para avaliação preventiva anual, tudo normal.",normal
"Exame indica leve alteração em enzimas hepáticas, necessita reavaliação. Histórico de comorbidades relatado.",atencao
"Paciente com febre alta e rigidez de nuca, suspeita de meningite. Sem histórico médico relevante.",urgente
"Paciente relata check-up de rotina, sem queixas relevantes. Histórico de comorbidades relatado.",normal
Reação alérgica grave com edema de glote e dificuldade respiratória.,urgente
"Resultado de exame de rotina normal, sem necessidade de intervenção. Histórico de comorbidades relatado.",normal
"Hemorragia intensa, paciente com sinais de choque hipovolêmico. Sem histórico médico relevante.",urgente
"Paciente com febre alta e rigidez de nuca, suspeita de meningite. Acompanhado por familiar.",urgente
Paciente com histórico de alergia relata leve reação cutânea.,atencao
"Paciente com febre baixa persistente há 3 dias, sem outros sintomas graves. Paciente do sexo masculino, 62 anos.",atencao
Paciente com convulsões recorrentes e perda de consciência. Histórico de comorbidades relatado.,urgente
"Raio-x de tórax sem alterações, paciente assintomático. Paciente do sexo masculino, 62 anos.",normal
Paciente apresenta dor torácica intensa e falta de ar súbita. Sem histórico médico relevante.,urgente
"Raio-x de tórax sem alterações, paciente assintomático. Sem histórico médico relevante.",normal
"Hemorragia intensa, paciente com sinais de choque hipovolêmico. Sem histórico médico relevante.",urgente
Reação alérgica grave com edema de glote e dificuldade respiratória. Histórico de comorbidades relatado.,urgente
Paciente apresenta dor torácica intensa e falta de ar súbita. Histórico de comorbidades relatado.,urgente
"Exame de sangue dentro dos parâmetros normais, sem alterações significativas. Acompanhado por familiar.",normal
"Sinais vitais instáveis, saturação de oxigênio criticamente baixa. Histórico de comorbidades relatado.",urgente
"Pequena ferida com sinais iniciais de inflamação, sem pus. Sem histórico médico relevante.",atencao
Exame oftalmológico de rotina sem achados relevantes. Histórico de comorbidades relatado.,normal
"Trauma craniano grave após acidente, paciente inconsciente. Encaminhado pelo pronto atendimento.",urgente
"Hemorragia intensa, paciente com sinais de choque hipovolêmico. Encaminhado pelo pronto atendimento.",urgente
Reação alérgica grave com edema de glote e dificuldade respiratória. Histórico de comorbidades relatado.,urgente
"Pequena ferida com sinais iniciais de inflamação, sem pus. Paciente do sexo feminino, 45 anos.",atencao
"Dor lombar moderada, sem sinais neurológicos associados.",atencao
"Exame oftalmológico de rotina sem achados relevantes. Paciente do sexo masculino, 62 anos.",normal
Vacinação de rotina realizada sem intercorrências. Encaminhado pelo pronto atendimento.,normal
"Paciente com histórico de alergia relata leve reação cutânea. Paciente do sexo feminino, 45 anos.",atencao
"Politraumatismo grave após queda de altura, necessita intervenção imediata.",urgente
"Paciente com febre alta e rigidez de nuca, suspeita de meningite. Encaminhado pelo pronto atendimento.",urgente
"Sinais de acidente vascular cerebral: perda de força e fala arrastada. Paciente do sexo feminino, 45 anos.",urgente
"Hemograma completo dentro da normalidade, sem sinais de infecção.",normal
Vacinação de rotina realizada sem intercorrências. Acompanhado por familiar.,normal
"Resultado de exame de rotina normal, sem necessidade de intervenção.",normal
"Paciente comparece para avaliação preventiva anual, tudo normal. Paciente do sexo masculino, 62 anos.",normal
"Politraumatismo grave após queda de altura, necessita intervenção imediata. Encaminhado pelo pronto atendimento.",urgente
"Paciente com convulsões recorrentes e perda de consciência. Paciente do sexo masculino, 62 anos.",urgente
"Trauma craniano grave após acidente, paciente inconsciente. Sem histórico médico relevante.",urgente
"Pressão arterial levemente elevada, recomendado acompanhamento. Acompanhado por familiar.",atencao
"Paciente relata tosse persistente há uma semana, sem falta de ar. Encaminhado pelo pronto atendimento.",atencao
"Hemorragia intensa, paciente com sinais de choque hipovolêmico. Sem histórico médico relevante.",urgente
"Hemograma completo dentro da normalidade, sem sinais de infecção. Paciente do sexo masculino, 62 anos.",normal
Paciente apresenta dor torácica intensa e falta de ar súbita. Encaminhado pelo pronto atendimento.,urgente
"Reação alérgica grave com edema de glote e dificuldade respiratória. Paciente do sexo masculino, 62 anos.",urgente
"Sinais vitais instáveis, saturação de oxigênio criticamente baixa. Histórico de comorbidades relatado.",urgente
Paciente relata cansaço e mal-estar leve nos últimos dias.,atencao
"Dor lombar moderada, sem sinais neurológicos associados. Acompanhado por familiar.",atencao
"Pequena ferida com sinais iniciais de inflamação, sem pus.",atencao
Exame oftalmológico de rotina sem achados relevantes. Encaminhado pelo pronto atendimento.,normal
Exame oftalmológico de rotina sem achados relevantes. Encaminhado pelo pronto atendimento.,normal
"Exame de sangue dentro dos parâmetros normais, sem alterações significativas. Paciente do sexo masculino, 62 anos.",normal
"Paciente relata check-up de rotina, sem queixas relevantes. Sem histórico médico relevante.",normal
Reação alérgica grave com edema de glote e dificuldade respiratória. Histórico de comorbidades relatado.,urgente
"Resultado de exame de rotina normal, sem necessidade de intervenção. Paciente do sexo feminino, 45 anos.",normal
"Paciente relata tosse persistente há uma semana, sem falta de ar. Acompanhado por familiar.",atencao
Paciente com histórico de alergia relata leve reação cutânea.,atencao
"Sinais vitais instáveis, saturação de oxigênio criticamente baixa. Encaminhado pelo pronto atendimento.",urgente
"Resultado de exame de rotina normal, sem necessidade de intervenção.",normal
"Hemograma completo dentro da normalidade, sem sinais de infecção.",normal
"Consulta de retorno, paciente estável, sem sintomas novos.",normal
Reação alérgica grave com edema de glote e dificuldade respiratória. Acompanhado por familiar.,urgente
Paciente apresenta dor torácica intensa e falta de ar súbita. Encaminhado pelo pronto atendimento.,urgente
"Raio-x de tórax sem alterações, paciente assintomático. Paciente do sexo masculino, 62 anos.",normal
"Paciente relata tosse persistente há uma semana, sem falta de ar. Histórico de comorbidades relatado.",atencao
"Raio-x de tórax sem alterações, paciente assintomático. Histórico de comorbidades relatado.",normal
Paciente com histórico de alergia relata leve reação cutânea. Sem histórico médico relevante.,atencao
"Exame de sangue dentro dos parâmetros normais, sem alterações significativas. Encaminhado pelo pronto atendimento.",normal
"Exame de sangue dentro dos parâmetros normais, sem alterações significativas. Histórico de comorbidades relatado.",normal
"Glicemia de jejum levemente alterada, indicado acompanhamento nutricional.",atencao
"Vacinação de rotina realizada sem intercorrências. Paciente do sexo masculino, 62 anos.",normal
"Resultado de exame de rotina normal, sem necessidade de intervenção. Acompanhado por familiar.",normal
"Paciente com febre baixa persistente há 3 dias, sem outros sintomas graves.",atencao
"Sinais vitais instáveis, saturação de oxigênio criticamente baixa. Sem histórico médico relevante.",urgente
"Pressão arterial levemente elevada, recomendado acompanhamento.",atencao
"Resultado de exame de rotina normal, sem necessidade de intervenção. Acompanhado por familiar.",normal
"Reação alérgica grave com edema de glote e dificuldade respiratória. Paciente do sexo masculino, 62 anos.",urgente
Paciente com histórico de alergia relata leve reação cutânea. Sem histórico médico relevante.,atencao
"Glicemia de jejum levemente alterada, indicado acompanhamento nutricional. Acompanhado por familiar.",atencao
Paciente com histórico de alergia relata leve reação cutânea. Histórico de comorbidades relatado.,atencao
"Dor abdominal súbita e intensa com abdome em tábua, suspeita de abdome agudo. Histórico de comorbidades relatado.",urgente
Paciente com histórico de alergia relata leve reação cutânea. Histórico de comorbidades relatado.,atencao
"Glicemia de jejum levemente alterada, indicado acompanhamento nutricional. Paciente do sexo masculino, 62 anos.",atencao
"Dor lombar moderada, sem sinais neurológicos associados. Paciente do sexo masculino, 62 anos.",atencao
"Glicemia de jejum levemente alterada, indicado acompanhamento nutricional. Acompanhado por familiar.",atencao
Exame oftalmológico de rotina sem achados relevantes. Acompanhado por familiar.,normal
"Paciente comparece para avaliação preventiva anual, tudo normal. Paciente do sexo feminino, 45 anos.",normal
"Paciente relata cansaço e mal-estar leve nos últimos dias. Paciente do sexo masculino, 62 anos.",atencao
"Paciente relata bem-estar geral, sinais vitais normais. Encaminhado pelo pronto atendimento.",normal
"Pequena ferida com sinais iniciais de inflamação, sem pus. Sem histórico médico relevante.",atencao
"Paciente relata check-up de rotina, sem queixas relevantes. Acompanhado por familiar.",normal
"Paciente comparece para avaliação preventiva anual, tudo normal. Acompanhado por familiar.",normal
"Paciente relata bem-estar geral, sinais vitais normais. Acompanhado por familiar.",normal
"Paciente relata tosse persistente há uma semana, sem falta de ar. Sem histórico médico relevante.",atencao
Vacinação de rotina realizada sem intercorrências.,normal
"Hemorragia intensa, paciente com sinais de choque hipovolêmico.",urgente
"Paciente com febre alta e rigidez de nuca, suspeita de meningite. Paciente do sexo feminino, 45 anos.",urgente
"Hemograma completo dentro da normalidade, sem sinais de infecção. Histórico de comorbidades relatado.",normal
Vacinação de rotina realizada sem intercorrências. Histórico de comorbidades relatado.,normal
"Paciente relata tosse persistente há uma semana, sem falta de ar. Paciente do sexo masculino, 62 anos.",atencao
Exame oftalmológico de rotina sem achados relevantes. Histórico de comorbidades relatado.,normal
"Paciente relata tosse persistente há uma semana, sem falta de ar. Acompanhado por familiar.",atencao
"Paciente relata bem-estar geral, sinais vitais normais. Histórico de comorbidades relatado.",normal
Reação alérgica grave com edema de glote e dificuldade respiratória. Acompanhado por familiar.,urgente
"Paciente relata check-up de rotina, sem queixas relevantes. Acompanhado por familiar.",normal
Exame oftalmológico de rotina sem achados relevantes. Sem histórico médico relevante.,normal
"Paciente com histórico de alergia relata leve reação cutânea. Paciente do sexo masculino, 62 anos.",atencao
"Exame indica leve alteração em enzimas hepáticas, necessita reavaliação. Histórico de comorbidades relatado.",atencao
Reação alérgica grave com edema de glote e dificuldade respiratória. Sem histórico médico relevante.,urgente
"Paciente com febre baixa persistente há 3 dias, sem outros sintomas graves. Histórico de comorbidades relatado.",atencao
"Reação alérgica grave com edema de glote e dificuldade respiratória. Paciente do sexo feminino, 45 anos.",urgente
"Vacinação de rotina realizada sem intercorrências. Paciente do sexo masculino, 62 anos.",normal
"Paciente relata check-up de rotina, sem queixas relevantes. Acompanhado por familiar.",normal
Exame oftalmológico de rotina sem achados relevantes. Encaminhado pelo pronto atendimento.,normal
"Pequena ferida com sinais iniciais de inflamação, sem pus. Encaminhado pelo pronto atendimento.",atencao
"Paciente com febre alta e rigidez de nuca, suspeita de meningite. Paciente do sexo masculino, 62 anos.",urgente
"Paciente com histórico de alergia relata leve reação cutânea. Paciente do sexo feminino, 45 anos.",atencao
"Trauma craniano grave após acidente, paciente inconsciente. Acompanhado por familiar.",urgente
"Dor abdominal súbita e intensa com abdome em tábua, suspeita de abdome agudo. Paciente do sexo masculino, 62 anos.",urgente
"Raio-x de tórax sem alterações, paciente assintomático. Paciente do sexo feminino, 45 anos.",normal
"Queixa de dor abdominal leve a moderada, sem sinais de alarme.",atencao
Vacinação de rotina realizada sem intercorrências. Acompanhado por familiar.,normal
"Pressão arterial levemente elevada, recomendado acompanhamento. Acompanhado por familiar.",atencao
"Paciente relata check-up de rotina, sem queixas relevantes. Sem histórico médico relevante.",normal
"Paciente com histórico de alergia relata leve reação cutânea. Paciente do sexo feminino, 45 anos.",atencao
"Glicemia de jejum levemente alterada, indicado acompanhamento nutricional. Encaminhado pelo pronto atendimento.",atencao
"Pressão arterial levemente elevada, recomendado acompanhamento. Acompanhado por familiar.",atencao
Paciente relata cansaço e mal-estar leve nos últimos dias. Acompanhado por familiar.,atencao
Sinais de acidente vascular cerebral: perda de força e fala arrastada.,urgente
"Dor lombar moderada, sem sinais neurológicos associados. Acompanhado por familiar.",atencao
"Paciente relata bem-estar geral, sinais vitais normais. Paciente do sexo feminino, 45 anos.",normal
"Pressão arterial levemente elevada, recomendado acompanhamento. Sem histórico médico relevante.",atencao
"Paciente relata bem-estar geral, sinais vitais normais. Sem histórico médico relevante.",normal
"Glicemia de jejum levemente alterada, indicado acompanhamento nutricional.",atencao
"Paciente relata check-up de rotina, sem queixas relevantes. Acompanhado por familiar.",normal
"Paciente com febre baixa persistente há 3 dias, sem outros sintomas graves. Sem histórico médico relevante.",atencao
Sinais de acidente vascular cerebral: perda de força e fala arrastada. Acompanhado por familiar.,urgente
Paciente relata cansaço e mal-estar leve nos últimos dias. Acompanhado por familiar.,atencao
"Sinais vitais instáveis, saturação de oxigênio criticamente baixa.",urgente
Paciente com convulsões recorrentes e perda de consciência.,urgente
"Dor lombar moderada, sem sinais neurológicos associados.",atencao
"Trauma craniano grave após acidente, paciente inconsciente.",urgente
Paciente com convulsões recorrentes e perda de consciência. Acompanhado por familiar.,urgente
"Paciente com febre baixa persistente há 3 dias, sem outros sintomas graves. Paciente do sexo masculino, 62 anos.",atencao
Reação alérgica grave com edema de glote e dificuldade respiratória. Sem histórico médico relevante.,urgente
"Glicemia de jejum levemente alterada, indicado acompanhamento nutricional. Histórico de comorbidades relatado.",atencao
Exame oftalmológico de rotina sem achados relevantes.,normal
Paciente com histórico de alergia relata leve reação cutânea. Acompanhado por familiar.,atencao
Reação alérgica grave com edema de glote e dificuldade respiratória. Sem histórico médico relevante.,urgente
"Vacinação de rotina realizada sem intercorrências. Paciente do sexo feminino, 45 anos.",normal
"Sinais de acidente vascular cerebral: perda de força e fala arrastada. Paciente do sexo feminino, 45 anos.",urgente
"Exame de sangue dentro dos parâmetros normais, sem alterações significativas. Paciente do sexo feminino, 45 anos.",normal
"Paciente comparece para avaliação preventiva anual, tudo normal. Sem histórico médico relevante.",normal
"Hemograma completo dentro da normalidade, sem sinais de infecção. Paciente do sexo masculino, 62 anos.",normal
Paciente com histórico de alergia relata leve reação cutânea. Acompanhado por familiar.,atencao
Paciente relata cansaço e mal-estar leve nos últimos dias. Encaminhado pelo pronto atendimento.,atencao
"Trauma craniano grave após acidente, paciente inconsciente. Sem histórico médico relevante.",urgente
"Paciente relata bem-estar geral, sinais vitais normais. Acompanhado por familiar.",normal
Paciente relata cansaço e mal-estar leve nos últimos dias. Histórico de comorbidades relatado.,atencao
"Dor lombar moderada, sem sinais neurológicos associados. Paciente do sexo feminino, 45 anos.",atencao
Paciente com histórico de alergia relata leve reação cutânea. Sem histórico médico relevante.,atencao
"Glicemia de jejum levemente alterada, indicado acompanhamento nutricional. Paciente do sexo feminino, 45 anos.",atencao
"Hemorragia intensa, paciente com sinais de choque hipovolêmico. Histórico de comorbidades relatado.",urgente
"Pressão arterial levemente elevada, recomendado acompanhamento. Acompanhado por familiar.",atencao
Paciente com convulsões recorrentes e perda de consciência. Acompanhado por familiar.,urgente
Exame oftalmológico de rotina sem achados relevantes. Acompanhado por familiar.,normal
"Paciente com febre alta e rigidez de nuca, suspeita de meningite. Paciente do sexo feminino, 45 anos.",urgente
"Sinais vitais instáveis, saturação de oxigênio criticamente baixa. Sem histórico médico relevante.",urgente
"Paciente relata cansaço e mal-estar leve nos últimos dias. Paciente do sexo masculino, 62 anos.",atencao
"Exame de sangue dentro dos parâmetros normais, sem alterações significativas. Acompanhado por familiar.",normal
"Politraumatismo grave após queda de altura, necessita intervenção imediata. Sem histórico médico relevante.",urgente
"Paciente apresenta dor torácica intensa e falta de ar súbita. Paciente do sexo feminino, 45 anos.",urgente
"Dor lombar moderada, sem sinais neurológicos associados. Encaminhado pelo pronto atendimento.",atencao
"Paciente relata bem-estar geral, sinais vitais normais. Histórico de comorbidades relatado.",normal
"Pressão arterial levemente elevada, recomendado acompanhamento. Histórico de comorbidades relatado.",atencao
Paciente com histórico de alergia relata leve reação cutânea. Encaminhado pelo pronto atendimento.,atencao
"Paciente com convulsões recorrentes e perda de consciência. Paciente do sexo feminino, 45 anos.",urgente
"Paciente relata check-up de rotina, sem queixas relevantes. Acompanhado por familiar.",normal
"Paciente relata check-up de rotina, sem queixas relevantes. Paciente do sexo feminino, 45 anos.",normal
Paciente com histórico de alergia relata leve reação cutânea.,atencao
"Queixa de dor abdominal leve a moderada, sem sinais de alarme. Paciente do sexo masculino, 62 anos.",atencao
Paciente com convulsões recorrentes e perda de consciência.,urgente
"Hemorragia intensa, paciente com sinais de choque hipovolêmico. Acompanhado por familiar.",urgente
Vacinação de rotina realizada sem intercorrências. Histórico de comorbidades relatado.,normal
"Hemorragia intensa, paciente com sinais de choque hipovolêmico. Sem histórico médico relevante.",urgente
"Hemorragia intensa, paciente com sinais de choque hipovolêmico. Paciente do sexo feminino, 45 anos.",urgente
Paciente com convulsões recorrentes e perda de consciência.,urgente
"Paciente relata cansaço e mal-estar leve nos últimos dias. Paciente do sexo feminino, 45 anos.",atencao
"Paciente relata cansaço e mal-estar leve nos últimos dias. Paciente do sexo feminino, 45 anos.",atencao
"Raio-x de tórax sem alterações, paciente assintomático.",normal
Vacinação de rotina realizada sem intercorrências. Encaminhado pelo pronto atendimento.,normal
"Paciente relata tosse persistente há uma semana, sem falta de ar.",atencao
"Consulta de retorno, paciente estável, sem sintomas novos. Sem histórico médico relevante.",normal
"Resultado de exame de rotina normal, sem necessidade de intervenção. Acompanhado por familiar.",normal
"Hemorragia intensa, paciente com sinais de choque hipovolêmico. Sem histórico médico relevante.",urgente
"Dor abdominal súbita e intensa com abdome em tábua, suspeita de abdome agudo. Histórico de comorbidades relatado.",urgente
"Trauma craniano grave após acidente, paciente inconsciente. Acompanhado por familiar.",urgente
"Exame indica leve alteração em enzimas hepáticas, necessita reavaliação. Encaminhado pelo pronto atendimento.",atencao
"Trauma craniano grave após acidente, paciente inconsciente.",urgente
Vacinação de rotina realizada sem intercorrências. Acompanhado por familiar.,normal
"Paciente relata bem-estar geral, sinais vitais normais. Acompanhado por familiar.",normal
"Paciente relata tosse persistente há uma semana, sem falta de ar. Acompanhado por familiar.",atencao
"Paciente relata check-up de rotina, sem queixas relevantes. Sem histórico médico relevante.",normal
"Exame de sangue dentro dos parâmetros normais, sem alterações significativas. Paciente do sexo feminino, 45 anos.",normal
"Hemograma completo dentro da normalidade, sem sinais de infecção. Paciente do sexo masculino, 62 anos.",normal
"Pequena ferida com sinais iniciais de inflamação, sem pus. Paciente do sexo feminino, 45 anos.",atencao
Reação alérgica grave com edema de glote e dificuldade respiratória. Encaminhado pelo pronto atendimento.,urgente
Sinais de acidente vascular cerebral: perda de força e fala arrastada. Sem histórico médico relevante.,urgente
"Paciente relata check-up de rotina, sem queixas relevantes. Sem histórico médico relevante.",normal
"Paciente relata bem-estar geral, sinais vitais normais. Encaminhado pelo pronto atendimento.",normal
"Dor abdominal súbita e intensa com abdome em tábua, suspeita de abdome agudo. Sem histórico médico relevante.",urgente
"Politraumatismo grave após queda de altura, necessita intervenção imediata. Acompanhado por familiar.",urgente
Sinais de acidente vascular cerebral: perda de força e fala arrastada. Sem histórico médico relevante.,urgente
"Paciente relata cansaço e mal-estar leve nos últimos dias. Paciente do sexo masculino, 62 anos.",atencao
Paciente com histórico de alergia relata leve reação cutânea. Encaminhado pelo pronto atendimento.,atencao
"Politraumatismo grave após queda de altura, necessita intervenção imediata. Histórico de comorbidades relatado.",urgente
"Pequena ferida com sinais iniciais de inflamação, sem pus. Sem histórico médico relevante.",atencao
"Consulta de retorno, paciente estável, sem sintomas novos. Sem histórico médico relevante.",normal
"Hemograma completo dentro da normalidade, sem sinais de infecção. Acompanhado por familiar.",normal
Paciente relata cansaço e mal-estar leve nos últimos dias.,atencao
"Hemorragia intensa, paciente com sinais de choque hipovolêmico. Sem histórico médico relevante.",urgente
"Pressão arterial levemente elevada, recomendado acompanhamento. Encaminhado pelo pronto atendimento.",atencao
"Paciente com febre baixa persistente há 3 dias, sem outros sintomas graves. Acompanhado por familiar.",atencao
Paciente relata cansaço e mal-estar leve nos últimos dias. Encaminhado pelo pronto atendimento.,atencao
"Dor abdominal súbita e intensa com abdome em tábua, suspeita de abdome agudo. Encaminhado pelo pronto atendimento.",urgente
"Dor lombar moderada, sem sinais neurológicos associados. Acompanhado por familiar.",atencao
"Exame oftalmológico de rotina sem achados relevantes. Paciente do sexo masculino, 62 anos.",normal
Reação alérgica grave com edema de glote e dificuldade respiratória.,urgente
"Pressão arterial levemente elevada, recomendado acompanhamento. Paciente do sexo masculino, 62 anos.",atencao
"Dor lombar moderada, sem sinais neurológicos associados. Sem histórico médico relevante.",atencao
Paciente apresenta dor torácica intensa e falta de ar súbita.,urgente
"Sinais vitais instáveis, saturação de oxigênio criticamente baixa. Paciente do sexo feminino, 45 anos.",urgente
"Consulta de retorno, paciente estável, sem sintomas novos. Paciente do sexo masculino, 62 anos.",normal
"Pequena ferida com sinais iniciais de inflamação, sem pus. Paciente do sexo feminino, 45 anos.",atencao
"Paciente com convulsões recorrentes e perda de consciência. Paciente do sexo feminino, 45 anos.",urgente
"Dor abdominal súbita e intensa com abdome em tábua, suspeita de abdome agudo. Paciente do sexo feminino, 45 anos.",urgente
"Raio-x de tórax sem alterações, paciente assintomático. Sem histórico médico relevante.",normal
"Dor lombar moderada, sem sinais neurológicos associados. Acompanhado por familiar.",atencao
"Paciente relata check-up de rotina, sem queixas relevantes. Paciente do sexo feminino, 45 anos.",normal
"Paciente relata bem-estar geral, sinais vitais normais. Paciente do sexo masculino, 62 anos.",normal
"Resultado de exame de rotina normal, sem necessidade de intervenção. Paciente do sexo feminino, 45 anos.",normal
Paciente com histórico de alergia relata leve reação cutânea. Histórico de comorbidades relatado.,atencao
Reação alérgica grave com edema de glote e dificuldade respiratória. Histórico de comorbidades relatado.,urgente
"Paciente com febre alta e rigidez de nuca, suspeita de meningite.",urgente
"Paciente comparece para avaliação preventiva anual, tudo normal. Sem histórico médico relevante.",normal
"Glicemia de jejum levemente alterada, indicado acompanhamento nutricional.",atencao
"Raio-x de tórax sem alterações, paciente assintomático. Acompanhado por familiar.",normal
"Paciente relata tosse persistente há uma semana, sem falta de ar. Histórico de comorbidades relatado.",atencao
Paciente apresenta dor torácica intensa e falta de ar súbita. Sem histórico médico relevante.,urgente
"Reação alérgica grave com edema de glote e dificuldade respiratória. Paciente do sexo masculino, 62 anos.",urgente
"Pressão arterial levemente elevada, recomendado acompanhamento. Acompanhado por familiar.",atencao
"Hemorragia intensa, paciente com sinais de choque hipovolêmico.",urgente
"Paciente com febre baixa persistente há 3 dias, sem outros sintomas graves. Paciente do sexo feminino, 45 anos.",atencao
"Paciente com convulsões recorrentes e perda de consciência. Paciente do sexo feminino, 45 anos.",urgente
Reação alérgica grave com edema de glote e dificuldade respiratória. Encaminhado pelo pronto atendimento.,urgente
"Politraumatismo grave após queda de altura, necessita intervenção imediata.",urgente
"Politraumatismo grave após queda de altura, necessita intervenção imediata. Paciente do sexo masculino, 62 anos.",urgente
Sinais de acidente vascular cerebral: perda de força e fala arrastada.,urgente
"Raio-x de tórax sem alterações, paciente assintomático. Paciente do sexo masculino, 62 anos.",normal
"Paciente relata bem-estar geral, sinais vitais normais. Sem histórico médico relevante.",normal
"Sinais vitais instáveis, saturação de oxigênio criticamente baixa. Histórico de comorbidades relatado.",urgente
"Politraumatismo grave após queda de altura, necessita intervenção imediata. Sem histórico médico relevante.",urgente
Paciente apresenta dor torácica intensa e falta de ar súbita.,urgente
"Queixa de dor abdominal leve a moderada, sem sinais de alarme. Acompanhado por familiar.",atencao
"Paciente relata bem-estar geral, sinais vitais normais. Paciente do sexo feminino, 45 anos.",normal
"Consulta de retorno, paciente estável, sem sintomas novos. Acompanhado por familiar.",normal
"Exame de sangue dentro dos parâmetros normais, sem alterações significativas.",normal
"Paciente apresenta dor torácica intensa e falta de ar súbita. Paciente do sexo feminino, 45 anos.",urgente
"Hemorragia intensa, paciente com sinais de choque hipovolêmico. Histórico de comorbidades relatado.",urgente
"Exame de sangue dentro dos parâmetros normais, sem alterações significativas. Paciente do sexo feminino, 45 anos.",normal
"Exame de sangue dentro dos parâmetros normais, sem alterações significativas. Paciente do sexo feminino, 45 anos.",normal
"Glicemia de jejum levemente alterada, indicado acompanhamento nutricional. Sem histórico médico relevante.",atencao
"Pequena ferida com sinais iniciais de inflamação, sem pus. Sem histórico médico relevante.",atencao
"Pressão arterial levemente elevada, recomendado acompanhamento. Acompanhado por familiar.",atencao
"Sinais vitais instáveis, saturação de oxigênio criticamente baixa. Paciente do sexo masculino, 62 anos.",urgente
"Paciente com histórico de alergia relata leve reação cutânea. Paciente do sexo masculino, 62 anos.",atencao
Sinais de acidente vascular cerebral: perda de força e fala arrastada. Histórico de comorbidades relatado.,urgente
Paciente com histórico de alergia relata leve reação cutânea. Encaminhado pelo pronto atendimento.,atencao
"Politraumatismo grave após queda de altura, necessita intervenção imediata. Paciente do sexo feminino, 45 anos.",urgente
"Sinais vitais instáveis, saturação de oxigênio criticamente baixa. Sem histórico médico relevante.",urgente
Sinais de acidente vascular cerebral: perda de força e fala arrastada. Histórico de comorbidades relatado.,urgente
Vacinação de rotina realizada sem intercorrências. Sem histórico médico relevante.,normal
Vacinação de rotina realizada sem intercorrências. Encaminhado pelo pronto atendimento.,normal
"Paciente com febre alta e rigidez de nuca, suspeita de meningite. Acompanhado por familiar.",urgente
"Paciente relata check-up de rotina, sem queixas relevantes.",normal
"Queixa de dor abdominal leve a moderada, sem sinais de alarme. Histórico de comorbidades relatado.",atencao
"Paciente relata tosse persistente há uma semana, sem falta de ar. Acompanhado por familiar.",atencao
"Queixa de dor abdominal leve a moderada, sem sinais de alarme. Histórico de comorbidades relatado.",atencao
Paciente relata cansaço e mal-estar leve nos últimos dias.,atencao
"Queixa de dor abdominal leve a moderada, sem sinais de alarme. Sem histórico médico relevante.",atencao
"Paciente relata check-up de rotina, sem queixas relevantes. Paciente do sexo feminino, 45 anos.",normal
"Paciente relata bem-estar geral, sinais vitais normais.",normal
Reação alérgica grave com edema de glote e dificuldade respiratória.,urgente
"Trauma craniano grave após acidente, paciente inconsciente. Encaminhado pelo pronto atendimento.",urgente
"Consulta de retorno, paciente estável, sem sintomas novos. Paciente do sexo masculino, 62 anos.",normal
"Dor lombar moderada, sem sinais neurológicos associados.",atencao
"Exame de sangue dentro dos parâmetros normais, sem alterações significativas. Paciente do sexo feminino, 45 anos.",normal
Vacinação de rotina realizada sem intercorrências. Sem histórico médico relevante.,normal
"Paciente relata check-up de rotina, sem queixas relevantes. Paciente do sexo feminino, 45 anos.",normal
"Consulta de retorno, paciente estável, sem sintomas novos. Sem histórico médico relevante.",normal
"Sinais de acidente vascular cerebral: perda de força e fala arrastada. Paciente do sexo masculino, 62 anos.",urgente
"Paciente relata bem-estar geral, sinais vitais normais.",normal
Exame oftalmológico de rotina sem achados relevantes. Histórico de comorbidades relatado.,normal
"Paciente relata cansaço e mal-estar leve nos últimos dias. Paciente do sexo masculino, 62 anos.",atencao
"Glicemia de jejum levemente alterada, indicado acompanhamento nutricional. Sem histórico médico relevante.",atencao
Sinais de acidente vascular cerebral: perda de força e fala arrastada. Encaminhado pelo pronto atendimento.,urgente
"Consulta de retorno, paciente estável, sem sintomas novos. Paciente do sexo feminino, 45 anos.",normal
"Paciente com febre baixa persistente há 3 dias, sem outros sintomas graves.",atencao
Paciente relata cansaço e mal-estar leve nos últimos dias. Acompanhado por familiar.,atencao
"Hemorragia intensa, paciente com sinais de choque hipovolêmico.",urgente
"Hemograma completo dentro da normalidade, sem sinais de infecção. Histórico de comorbidades relatado.",normal
"Exame de sangue dentro dos parâmetros normais, sem alterações significativas.",normal
"Resultado de exame de rotina normal, sem necessidade de intervenção. Acompanhado por familiar.",normal
Sinais de acidente vascular cerebral: perda de força e fala arrastada.,urgente
"Pressão arterial levemente elevada, recomendado acompanhamento.",atencao
"Reação alérgica grave com edema de glote e dificuldade respiratória. Paciente do sexo masculino, 62 anos.",urgente
"Paciente com febre alta e rigidez de nuca, suspeita de meningite. Paciente do sexo masculino, 62 anos.",urgente
"Exame indica leve alteração em enzimas hepáticas, necessita reavaliação. Paciente do sexo feminino, 45 anos.",atencao
"Hemorragia intensa, paciente com sinais de choque hipovolêmico.",urgente
"Queixa de dor abdominal leve a moderada, sem sinais de alarme. Paciente do sexo masculino, 62 anos.",atencao
"Hemorragia intensa, paciente com sinais de choque hipovolêmico.",urgente
"Pequena ferida com sinais iniciais de inflamação, sem pus. Histórico de comorbidades relatado.",atencao
"Paciente relata check-up de rotina, sem queixas relevantes. Histórico de comorbidades relatado.",normal
"Exame indica leve alteração em enzimas hepáticas, necessita reavaliação. Histórico de comorbidades relatado.",atencao
"Raio-x de tórax sem alterações, paciente assintomático. Encaminhado pelo pronto atendimento.",normal
"Consulta de retorno, paciente estável, sem sintomas novos. Sem histórico médico relevante.",normal
"Glicemia de jejum levemente alterada, indicado acompanhamento nutricional.",atencao
"Dor lombar moderada, sem sinais neurológicos associados. Histórico de comorbidades relatado.",atencao
"Pressão arterial levemente elevada, recomendado acompanhamento. Acompanhado por familiar.",atencao
"Dor abdominal súbita e intensa com abdome em tábua, suspeita de abdome agudo. Paciente do sexo masculino, 62 anos.",urgente
"Paciente comparece para avaliação preventiva anual, tudo normal.",normal
"Paciente relata bem-estar geral, sinais vitais normais.",normal
"Hemorragia intensa, paciente com sinais de choque hipovolêmico.",urgente
"Exame indica leve alteração em enzimas hepáticas, necessita reavaliação. Encaminhado pelo pronto atendimento.",atencao
Reação alérgica grave com edema de glote e dificuldade respiratória. Histórico de comorbidades relatado.,urgente
"Resultado de exame de rotina normal, sem necessidade de intervenção. Paciente do sexo masculino, 62 anos.",normal
"Hemograma completo dentro da normalidade, sem sinais de infecção. Sem histórico médico relevante.",normal
"Exame oftalmológico de rotina sem achados relevantes. Paciente do sexo feminino, 45 anos.",normal
"Exame de sangue dentro dos parâmetros normais, sem alterações significativas. Sem histórico médico relevante.",normal
"Trauma craniano grave após acidente, paciente inconsciente. Sem histórico médico relevante.",urgente
Reação alérgica grave com edema de glote e dificuldade respiratória. Encaminhado pelo pronto atendimento.,urgente
"Dor lombar moderada, sem sinais neurológicos associados.",atencao
"Exame de sangue dentro dos parâmetros normais, sem alterações significativas. Sem histórico médico relevante.",normal
"Raio-x de tórax sem alterações, paciente assintomático. Histórico de comorbidades relatado.",normal
Exame oftalmológico de rotina sem achados relevantes. Encaminhado pelo pronto atendimento.,normal
"Hemorragia intensa, paciente com sinais de choque hipovolêmico. Encaminhado pelo pronto atendimento.",urgente
"Exame oftalmológico de rotina sem achados relevantes. Paciente do sexo masculino, 62 anos.",normal
"Politraumatismo grave após queda de altura, necessita intervenção imediata. Paciente do sexo feminino, 45 anos.",urgente
"Paciente relata cansaço e mal-estar leve nos últimos dias. Paciente do sexo masculino, 62 anos.",atencao
Sinais de acidente vascular cerebral: perda de força e fala arrastada. Sem histórico médico relevante.,urgente
"Pequena ferida com sinais iniciais de inflamação, sem pus. Paciente do sexo masculino, 62 anos.",atencao
Paciente com convulsões recorrentes e perda de consciência. Sem histórico médico relevante.,urgente
Exame oftalmológico de rotina sem achados relevantes. Acompanhado por familiar.,normal
Paciente com convulsões recorrentes e perda de consciência.,urgente
Paciente apresenta dor torácica intensa e falta de ar súbita. Sem histórico médico relevante.,urgente
"Trauma craniano grave após acidente, paciente inconsciente. Encaminhado pelo pronto atendimento.",urgente
Reação alérgica grave com edema de glote e dificuldade respiratória.,urgente
"Resultado de exame de rotina normal, sem necessidade de intervenção. Encaminhado pelo pronto atendimento.",normal
"Pressão arterial levemente elevada, recomendado acompanhamento. Acompanhado por familiar.",atencao
"Politraumatismo grave após queda de altura, necessita intervenção imediata. Encaminhado pelo pronto atendimento.",urgente
"Pequena ferida com sinais iniciais de inflamação, sem pus.",atencao
"Glicemia de jejum levemente alterada, indicado acompanhamento nutricional. Histórico de comorbidades relatado.",atencao
"Paciente relata tosse persistente há uma semana, sem falta de ar. Sem histórico médico relevante.",atencao
"Vacinação de rotina realizada sem intercorrências. Paciente do sexo masculino, 62 anos.",normal
"Trauma craniano grave após acidente, paciente inconsciente. Acompanhado por familiar.",urgente
"Paciente relata bem-estar geral, sinais vitais normais. Sem histórico médico relevante.",normal
"Vacinação de rotina realizada sem intercorrências. Paciente do sexo feminino, 45 anos.",normal
Exame oftalmológico de rotina sem achados relevantes. Acompanhado por familiar.,normal
Sinais de acidente vascular cerebral: perda de força e fala arrastada.,urgente
"Glicemia de jejum levemente alterada, indicado acompanhamento nutricional. Paciente do sexo feminino, 45 anos.",atencao
"Pressão arterial levemente elevada, recomendado acompanhamento. Sem histórico médico relevante.",atencao
"Pressão arterial levemente elevada, recomendado acompanhamento. Paciente do sexo masculino, 62 anos.",atencao
"Pequena ferida com sinais iniciais de inflamação, sem pus. Histórico de comorbidades relatado.",atencao
"Glicemia de jejum levemente alterada, indicado acompanhamento nutricional. Encaminhado pelo pronto atendimento.",atencao
"Paciente relata bem-estar geral, sinais vitais normais. Paciente do sexo masculino, 62 anos.",normal
"Paciente com histórico de alergia relata leve reação cutânea. Paciente do sexo masculino, 62 anos.",atencao
Paciente com convulsões recorrentes e perda de consciência. Histórico de comorbidades relatado.,urgente
"Dor abdominal súbita e intensa com abdome em tábua, suspeita de abdome agudo.",urgente
"Hemograma completo dentro da normalidade, sem sinais de infecção. Paciente do sexo masculino, 62 anos.",normal
"Reação alérgica grave com edema de glote e dificuldade respiratória. Paciente do sexo feminino, 45 anos.",urgente
Sinais de acidente vascular cerebral: perda de força e fala arrastada. Histórico de comorbidades relatado.,urgente
Sinais de acidente vascular cerebral: perda de força e fala arrastada. Histórico de comorbidades relatado.,urgente
"Pequena ferida com sinais iniciais de inflamação, sem pus. Paciente do sexo feminino, 45 anos.",atencao
"Paciente relata check-up de rotina, sem queixas relevantes.",normal
"Paciente comparece para avaliação preventiva anual, tudo normal. Paciente do sexo feminino, 45 anos.",normal
"Sinais vitais instáveis, saturação de oxigênio criticamente baixa. Acompanhado por familiar.",urgente
"Dor lombar moderada, sem sinais neurológicos associados. Sem histórico médico relevante.",atencao
"Pequena ferida com sinais iniciais de inflamação, sem pus. Encaminhado pelo pronto atendimento.",atencao
"Paciente relata tosse persistente há uma semana, sem falta de ar. Paciente do sexo masculino, 62 anos.",atencao
"Hemograma completo dentro da normalidade, sem sinais de infecção. Sem histórico médico relevante.",normal
"Hemograma completo dentro da normalidade, sem sinais de infecção. Paciente do sexo feminino, 45 anos.",normal
"Exame indica leve alteração em enzimas hepáticas, necessita reavaliação.",atencao
"Hemorragia intensa, paciente com sinais de choque hipovolêmico.",urgente
Paciente apresenta dor torácica intensa e falta de ar súbita. Encaminhado pelo pronto atendimento.,urgente
"Sinais de acidente vascular cerebral: perda de força e fala arrastada. Paciente do sexo masculino, 62 anos.",urgente
"Trauma craniano grave após acidente, paciente inconsciente. Acompanhado por familiar.",urgente
"Exame indica leve alteração em enzimas hepáticas, necessita reavaliação. Encaminhado pelo pronto atendimento.",atencao
"Dor lombar moderada, sem sinais neurológicos associados. Encaminhado pelo pronto atendimento.",atencao
Paciente apresenta dor torácica intensa e falta de ar súbita. Acompanhado por familiar.,urgente
"Politraumatismo grave após queda de altura, necessita intervenção imediata. Sem histórico médico relevante.",urgente
"Paciente relata bem-estar geral, sinais vitais normais. Histórico de comorbidades relatado.",normal
"Exame indica leve alteração em enzimas hepáticas, necessita reavaliação. Sem histórico médico relevante.",atencao
"Paciente relata tosse persistente há uma semana, sem falta de ar. Paciente do sexo masculino, 62 anos.",atencao
"Paciente relata bem-estar geral, sinais vitais normais.",normal
"Raio-x de tórax sem alterações, paciente assintomático. Histórico de comorbidades relatado.",normal
"Dor lombar moderada, sem sinais neurológicos associados. Histórico de comorbidades relatado.",atencao
Paciente com histórico de alergia relata leve reação cutânea. Acompanhado por familiar.,atencao
"Pequena ferida com sinais iniciais de inflamação, sem pus.",atencao
"Dor lombar moderada, sem sinais neurológicos associados. Acompanhado por familiar.",atencao
"Exame oftalmológico de rotina sem achados relevantes. Paciente do sexo masculino, 62 anos.",normal
"Exame de sangue dentro dos parâmetros normais, sem alterações significativas. Paciente do sexo feminino, 45 anos.",normal
Paciente com convulsões recorrentes e perda de consciência.,urgente
"Paciente com febre alta e rigidez de nuca, suspeita de meningite. Encaminhado pelo pronto atendimento.",urgente
"Paciente com convulsões recorrentes e perda de consciência. Paciente do sexo masculino, 62 anos.",urgente
"Resultado de exame de rotina normal, sem necessidade de intervenção.",normal
"Exame indica leve alteração em enzimas hepáticas, necessita reavaliação. Encaminhado pelo pronto atendimento.",atencao
"Paciente com convulsões recorrentes e perda de consciência. Paciente do sexo masculino, 62 anos.",urgente
"Trauma craniano grave após acidente, paciente inconsciente. Encaminhado pelo pronto atendimento.",urgente
"Dor lombar moderada, sem sinais neurológicos associados. Sem histórico médico relevante.",atencao
Reação alérgica grave com edema de glote e dificuldade respiratória. Acompanhado por familiar.,urgente
"Resultado de exame de rotina normal, sem necessidade de intervenção. Histórico de comorbidades relatado.",normal
"Exame indica leve alteração em enzimas hepáticas, necessita reavaliação. Paciente do sexo feminino, 45 anos.",atencao
"Pressão arterial levemente elevada, recomendado acompanhamento. Paciente do sexo masculino, 62 anos.",atencao
"Raio-x de tórax sem alterações, paciente assintomático.",normal
"Dor lombar moderada, sem sinais neurológicos associados. Histórico de comorbidades relatado.",atencao
"Raio-x de tórax sem alterações, paciente assintomático. Paciente do sexo feminino, 45 anos.",normal
"Paciente comparece para avaliação preventiva anual, tudo normal. Sem histórico médico relevante.",normal
"Raio-x de tórax sem alterações, paciente assintomático.",normal
"Paciente com febre alta e rigidez de nuca, suspeita de meningite. Paciente do sexo feminino, 45 anos.",urgente
"Raio-x de tórax sem alterações, paciente assintomático.",normal
"Paciente relata check-up de rotina, sem queixas relevantes. Paciente do sexo feminino, 45 anos.",normal
"Resultado de exame de rotina normal, sem necessidade de intervenção. Encaminhado pelo pronto atendimento.",normal
"Paciente relata cansaço e mal-estar leve nos últimos dias. Paciente do sexo feminino, 45 anos.",atencao
"Sinais vitais instáveis, saturação de oxigênio criticamente baixa. Sem histórico médico relevante.",urgente
"Paciente relata check-up de rotina, sem queixas relevantes. Sem histórico médico relevante.",normal
Vacinação de rotina realizada sem intercorrências. Acompanhado por familiar.,normal
"Pequena ferida com sinais iniciais de inflamação, sem pus. Acompanhado por familiar.",atencao
Paciente relata cansaço e mal-estar leve nos últimos dias. Acompanhado por familiar.,atencao
Paciente com convulsões recorrentes e perda de consciência. Acompanhado por familiar.,urgente
"Politraumatismo grave após queda de altura, necessita intervenção imediata. Histórico de comorbidades relatado.",urgente
"Paciente com febre baixa persistente há 3 dias, sem outros sintomas graves. Acompanhado por familiar.",atencao
"Pressão arterial levemente elevada, recomendado acompanhamento. Histórico de comorbidades relatado.",atencao
"Paciente relata tosse persistente há uma semana, sem falta de ar. Sem histórico médico relevante.",atencao
"Hemograma completo dentro da normalidade, sem sinais de infecção. Histórico de comorbidades relatado.",normal
"Reação alérgica grave com edema de glote e dificuldade respiratória. Paciente do sexo masculino, 62 anos.",urgente
"Dor abdominal súbita e intensa com abdome em tábua, suspeita de abdome agudo. Paciente do sexo masculino, 62 anos.",urgente
"Queixa de dor abdominal leve a moderada, sem sinais de alarme. Paciente do sexo masculino, 62 anos.",atencao
Vacinação de rotina realizada sem intercorrências. Sem histórico médico relevante.,normal
"Consulta de retorno, paciente estável, sem sintomas novos. Encaminhado pelo pronto atendimento.",normal
"Paciente relata cansaço e mal-estar leve nos últimos dias. Paciente do sexo feminino, 45 anos.",atencao
"Consulta de retorno, paciente estável, sem sintomas novos. Acompanhado por familiar.",normal
"Pequena ferida com sinais iniciais de inflamação, sem pus. Sem histórico médico relevante.",atencao
"Paciente relata tosse persistente há uma semana, sem falta de ar. Encaminhado pelo pronto atendimento.",atencao
"Hemorragia intensa, paciente com sinais de choque hipovolêmico. Paciente do sexo masculino, 62 anos.",urgente
Paciente apresenta dor torácica intensa e falta de ar súbita. Acompanhado por familiar.,urgente
"Glicemia de jejum levemente alterada, indicado acompanhamento nutricional.",atencao
"Paciente com histórico de alergia relata leve reação cutânea. Paciente do sexo feminino, 45 anos.",atencao
Paciente com histórico de alergia relata leve reação cutânea. Sem histórico médico relevante.,atencao
"Trauma craniano grave após acidente, paciente inconsciente. Encaminhado pelo pronto atendimento.",urgente
"Queixa de dor abdominal leve a moderada, sem sinais de alarme.",atencao
Paciente com convulsões recorrentes e perda de consciência.,urgente
"Exame oftalmológico de rotina sem achados relevantes. Paciente do sexo feminino, 45 anos.",normal
"Pressão arterial levemente elevada, recomendado acompanhamento. Paciente do sexo feminino, 45 anos.",atencao
"Paciente relata check-up de rotina, sem queixas relevantes. Sem histórico médico relevante.",normal
"Dor lombar moderada, sem sinais neurológicos associados. Histórico de comorbidades relatado.",atencao
Paciente apresenta dor torácica intensa e falta de ar súbita.,urgente
"Hemorragia intensa, paciente com sinais de choque hipovolêmico. Acompanhado por familiar.",urgente
"Dor lombar moderada, sem sinais neurológicos associados. Sem histórico médico relevante.",atencao
Paciente apresenta dor torácica intensa e falta de ar súbita. Encaminhado pelo pronto atendimento.,urgente
"Queixa de dor abdominal leve a moderada, sem sinais de alarme. Sem histórico médico relevante.",atencao
"Exame indica leve alteração em enzimas hepáticas, necessita reavaliação. Histórico de comorbidades relatado.",atencao
Vacinação de rotina realizada sem intercorrências.,normal
Sinais de acidente vascular cerebral: perda de força e fala arrastada. Encaminhado pelo pronto atendimento.,urgente
"Glicemia de jejum levemente alterada, indicado acompanhamento nutricional. Acompanhado por familiar.",atencao
Reação alérgica grave com edema de glote e dificuldade respiratória. Encaminhado pelo pronto atendimento.,urgente
"Trauma craniano grave após acidente, paciente inconsciente.",urgente
"Exame de sangue dentro dos parâmetros normais, sem alterações significativas. Acompanhado por familiar.",normal
"Paciente relata bem-estar geral, sinais vitais normais. Paciente do sexo feminino, 45 anos.",normal
"Paciente com febre baixa persistente há 3 dias, sem outros sintomas graves. Acompanhado por familiar.",atencao
"Paciente comparece para avaliação preventiva anual, tudo normal. Paciente do sexo masculino, 62 anos.",normal
"Paciente com febre alta e rigidez de nuca, suspeita de meningite. Encaminhado pelo pronto atendimento.",urgente
"Raio-x de tórax sem alterações, paciente assintomático. Paciente do sexo masculino, 62 anos.",normal
"Trauma craniano grave após acidente, paciente inconsciente. Paciente do sexo feminino, 45 anos.",urgente
"Paciente com febre alta e rigidez de nuca, suspeita de meningite. Paciente do sexo masculino, 62 anos.",urgente
"Dor lombar moderada, sem sinais neurológicos associados. Paciente do sexo feminino, 45 anos.",atencao
"Paciente relata bem-estar geral, sinais vitais normais.",normal
"Vacinação de rotina realizada sem intercorrências. Paciente do sexo masculino, 62 anos.",normal
"Pequena ferida com sinais iniciais de inflamação, sem pus. Histórico de comorbidades relatado.",atencao
"Consulta de retorno, paciente estável, sem sintomas novos. Encaminhado pelo pronto atendimento.",normal
"Glicemia de jejum levemente alterada, indicado acompanhamento nutricional. Acompanhado por familiar.",atencao
"Paciente relata tosse persistente há uma semana, sem falta de ar. Encaminhado pelo pronto atendimento.",atencao
Paciente apresenta dor torácica intensa e falta de ar súbita. Sem histórico médico relevante.,urgente
"Glicemia de jejum levemente alterada, indicado acompanhamento nutricional. Histórico de comorbidades relatado.",atencao
"Paciente relata check-up de rotina, sem queixas relevantes. Paciente do sexo feminino, 45 anos.",normal
Paciente com histórico de alergia relata leve reação cutânea.,atencao
"Exame indica leve alteração em enzimas hepáticas, necessita reavaliação. Acompanhado por familiar.",atencao
"Exame indica leve alteração em enzimas hepáticas, necessita reavaliação. Paciente do sexo feminino, 45 anos.",atencao
"Paciente relata bem-estar geral, sinais vitais normais. Histórico de comorbidades relatado.",normal
"Paciente comparece para avaliação preventiva anual, tudo normal. Sem histórico médico relevante.",normal
"Dor lombar moderada, sem sinais neurológicos associados. Acompanhado por familiar.",atencao
"Paciente com febre baixa persistente há 3 dias, sem outros sintomas graves. Encaminhado pelo pronto atendimento.",atencao
"Pequena ferida com sinais iniciais de inflamação, sem pus. Paciente do sexo feminino, 45 anos.",atencao
Paciente relata cansaço e mal-estar leve nos últimos dias. Acompanhado por familiar.,atencao
"Trauma craniano grave após acidente, paciente inconsciente. Paciente do sexo masculino, 62 anos.",urgente
"Resultado de exame de rotina normal, sem necessidade de intervenção.",normal
"Hemograma completo dentro da normalidade, sem sinais de infecção. Acompanhado por familiar.",normal
Sinais de acidente vascular cerebral: perda de força e fala arrastada. Sem histórico médico relevante.,urgente
"Pressão arterial levemente elevada, recomendado acompanhamento. Sem histórico médico relevante.",atencao
"Paciente relata check-up de rotina, sem queixas relevantes. Histórico de comorbidades relatado.",normal
"Raio-x de tórax sem alterações, paciente assintomático. Sem histórico médico relevante.",normal
"Queixa de dor abdominal leve a moderada, sem sinais de alarme. Paciente do sexo masculino, 62 anos.",atencao
"Hemograma completo dentro da normalidade, sem sinais de infecção. Acompanhado por familiar.",normal
Vacinação de rotina realizada sem intercorrências. Sem histórico médico relevante.,normal
"Resultado de exame de rotina normal, sem necessidade de intervenção.",normal
"Exame oftalmológico de rotina sem achados relevantes. Paciente do sexo masculino, 62 anos.",normal
"Hemograma completo dentro da normalidade, sem sinais de infecção. Paciente do sexo masculino, 62 anos.",normal
Paciente relata cansaço e mal-estar leve nos últimos dias. Encaminhado pelo pronto atendimento.,atencao
"Dor lombar moderada, sem sinais neurológicos associados. Histórico de comorbidades relatado.",atencao
"Pequena ferida com sinais iniciais de inflamação, sem pus. Encaminhado pelo pronto atendimento.",atencao
"Paciente relata tosse persistente há uma semana, sem falta de ar. Paciente do sexo feminino, 45 anos.",atencao
Paciente com convulsões recorrentes e perda de consciência. Histórico de comorbidades relatado.,urgente
"Reação alérgica grave com edema de glote e dificuldade respiratória. Paciente do sexo masculino, 62 anos.",urgente
"Resultado de exame de rotina normal, sem necessidade de intervenção. Paciente do sexo feminino, 45 anos.",normal
"Dor lombar moderada, sem sinais neurológicos associados.",atencao
"Exame de sangue dentro dos parâmetros normais, sem alterações significativas. Paciente do sexo feminino, 45 anos.",normal
"Paciente relata cansaço e mal-estar leve nos últimos dias. Paciente do sexo feminino, 45 anos.",atencao
"Exame de sangue dentro dos parâmetros normais, sem alterações significativas. Paciente do sexo feminino, 45 anos.",normal
"Raio-x de tórax sem alterações, paciente assintomático. Acompanhado por familiar.",normal
"Paciente relata tosse persistente há uma semana, sem falta de ar.",atencao
"Paciente com convulsões recorrentes e perda de consciência. Paciente do sexo masculino, 62 anos.",urgente
"Queixa de dor abdominal leve a moderada, sem sinais de alarme. Histórico de comorbidades relatado.",atencao
"Pequena ferida com sinais iniciais de inflamação, sem pus. Paciente do sexo feminino, 45 anos.",atencao
"Dor lombar moderada, sem sinais neurológicos associados.",atencao
"Consulta de retorno, paciente estável, sem sintomas novos. Paciente do sexo feminino, 45 anos.",normal
"Resultado de exame de rotina normal, sem necessidade de intervenção. Histórico de comorbidades relatado.",normal
"Hemograma completo dentro da normalidade, sem sinais de infecção. Histórico de comorbidades relatado.",normal
"Paciente relata bem-estar geral, sinais vitais normais.",normal
"Resultado de exame de rotina normal, sem necessidade de intervenção. Histórico de comorbidades relatado.",normal
"Pressão arterial levemente elevada, recomendado acompanhamento.",atencao
"Dor abdominal súbita e intensa com abdome em tábua, suspeita de abdome agudo. Encaminhado pelo pronto atendimento.",urgente
"Pressão arterial levemente elevada, recomendado acompanhamento. Histórico de comorbidades relatado.",atencao
"Sinais vitais instáveis, saturação de oxigênio criticamente baixa. Paciente do sexo feminino, 45 anos.",urgente
Paciente com convulsões recorrentes e perda de consciência.,urgente
"Glicemia de jejum levemente alterada, indicado acompanhamento nutricional.",atencao
Sinais de acidente vascular cerebral: perda de força e fala arrastada. Sem histórico médico relevante.,urgente
"Glicemia de jejum levemente alterada, indicado acompanhamento nutricional. Sem histórico médico relevante.",atencao
"Consulta de retorno, paciente estável, sem sintomas novos. Paciente do sexo masculino, 62 anos.",normal
"Exame de sangue dentro dos parâmetros normais, sem alterações significativas. Paciente do sexo masculino, 62 anos.",normal
Sinais de acidente vascular cerebral: perda de força e fala arrastada. Acompanhado por familiar.,urgente
"Trauma craniano grave após acidente, paciente inconsciente. Encaminhado pelo pronto atendimento.",urgente
"Paciente comparece para avaliação preventiva anual, tudo normal. Encaminhado pelo pronto atendimento.",normal
Exame oftalmológico de rotina sem achados relevantes. Encaminhado pelo pronto atendimento.,normal
"Pressão arterial levemente elevada, recomendado acompanhamento. Paciente do sexo feminino, 45 anos.",atencao
"Politraumatismo grave após queda de altura, necessita intervenção imediata. Paciente do sexo masculino, 62 anos.",urgente
"Paciente com febre baixa persistente há 3 dias, sem outros sintomas graves.",atencao
"Consulta de retorno, paciente estável, sem sintomas novos. Sem histórico médico relevante.",normal
"Glicemia de jejum levemente alterada, indicado acompanhamento nutricional. Paciente do sexo feminino, 45 anos.",atencao
"Dor lombar moderada, sem sinais neurológicos associados. Acompanhado por familiar.",atencao
"Paciente comparece para avaliação preventiva anual, tudo normal. Paciente do sexo feminino, 45 anos.",normal
"Hemorragia intensa, paciente com sinais de choque hipovolêmico. Paciente do sexo feminino, 45 anos.",urgente
"Glicemia de jejum levemente alterada, indicado acompanhamento nutricional. Acompanhado por familiar.",atencao
"Hemorragia intensa, paciente com sinais de choque hipovolêmico. Sem histórico médico relevante.",urgente
"Paciente com febre alta e rigidez de nuca, suspeita de meningite. Sem histórico médico relevante.",urgente
"Pequena ferida com sinais iniciais de inflamação, sem pus. Paciente do sexo masculino, 62 anos.",atencao
"Exame de sangue dentro dos parâmetros normais, sem alterações significativas. Acompanhado por familiar.",normal
"Resultado de exame de rotina normal, sem necessidade de intervenção. Paciente do sexo feminino, 45 anos.",normal
"Paciente com febre alta e rigidez de nuca, suspeita de meningite. Sem histórico médico relevante.",urgente
"Queixa de dor abdominal leve a moderada, sem sinais de alarme. Encaminhado pelo pronto atendimento.",atencao
"Paciente relata check-up de rotina, sem queixas relevantes. Encaminhado pelo pronto atendimento.",normal
Paciente com convulsões recorrentes e perda de consciência.,urgente
"Raio-x de tórax sem alterações, paciente assintomático. Paciente do sexo masculino, 62 anos.",normal
"Politraumatismo grave após queda de altura, necessita intervenção imediata.",urgente
"Paciente com febre alta e rigidez de nuca, suspeita de meningite. Histórico de comorbidades relatado.",urgente
"Paciente comparece para avaliação preventiva anual, tudo normal. Paciente do sexo masculino, 62 anos.",normal
"Paciente relata tosse persistente há uma semana, sem falta de ar. Encaminhado pelo pronto atendimento.",atencao
"Hemograma completo dentro da normalidade, sem sinais de infecção.",normal
"Paciente relata bem-estar geral, sinais vitais normais. Histórico de comorbidades relatado.",normal
"Politraumatismo grave após queda de altura, necessita intervenção imediata.",urgente
"Resultado de exame de rotina normal, sem necessidade de intervenção. Sem histórico médico relevante.",normal
"Resultado de exame de rotina normal, sem necessidade de intervenção. Sem histórico médico relevante.",normal
"Sinais vitais instáveis, saturação de oxigênio criticamente baixa. Sem histórico médico relevante.",urgente
"Consulta de retorno, paciente estável, sem sintomas novos. Acompanhado por familiar.",normal
"Hemorragia intensa, paciente com sinais de choque hipovolêmico. Paciente do sexo masculino, 62 anos.",urgente
Reação alérgica grave com edema de glote e dificuldade respiratória. Acompanhado por familiar.,urgente
"Paciente relata bem-estar geral, sinais vitais normais. Paciente do sexo feminino, 45 anos.",normal
"Pressão arterial levemente elevada, recomendado acompanhamento.",atencao
"Paciente comparece para avaliação preventiva anual, tudo normal. Histórico de comorbidades relatado.",normal
"Resultado de exame de rotina normal, sem necessidade de intervenção.",normal
"Hemorragia intensa, paciente com sinais de choque hipovolêmico. Histórico de comorbidades relatado.",urgente
"Paciente com febre alta e rigidez de nuca, suspeita de meningite.",urgente
Paciente relata cansaço e mal-estar leve nos últimos dias. Sem histórico médico relevante.,atencao
"Exame indica leve alteração em enzimas hepáticas, necessita reavaliação. Encaminhado pelo pronto atendimento.",atencao
"Reação alérgica grave com edema de glote e dificuldade respiratória. Paciente do sexo feminino, 45 anos.",urgente
"Paciente com febre alta e rigidez de nuca, suspeita de meningite. Paciente do sexo feminino, 45 anos.",urgente
"Exame indica leve alteração em enzimas hepáticas, necessita reavaliação. Acompanhado por familiar.",atencao
"Politraumatismo grave após queda de altura, necessita intervenção imediata.",urgente
"Paciente relata bem-estar geral, sinais vitais normais. Paciente do sexo masculino, 62 anos.",normal
"Glicemia de jejum levemente alterada, indicado acompanhamento nutricional.",atencao
"Glicemia de jejum levemente alterada, indicado acompanhamento nutricional. Paciente do sexo feminino, 45 anos.",atencao
Sinais de acidente vascular cerebral: perda de força e fala arrastada. Encaminhado pelo pronto atendimento.,urgente
"Pequena ferida com sinais iniciais de inflamação, sem pus. Histórico de comorbidades relatado.",atencao
"Paciente com febre alta e rigidez de nuca, suspeita de meningite. Paciente do sexo masculino, 62 anos.",urgente
"Paciente com febre baixa persistente há 3 dias, sem outros sintomas graves. Paciente do sexo masculino, 62 anos.",atencao
Paciente relata cansaço e mal-estar leve nos últimos dias. Sem histórico médico relevante.,atencao
"Politraumatismo grave após queda de altura, necessita intervenção imediata. Sem histórico médico relevante.",urgente
"Paciente comparece para avaliação preventiva anual, tudo normal. Histórico de comorbidades relatado.",normal
Paciente relata cansaço e mal-estar leve nos últimos dias. Sem histórico médico relevante.,atencao
"Paciente com convulsões recorrentes e perda de consciência. Paciente do sexo feminino, 45 anos.",urgente
Reação alérgica grave com edema de glote e dificuldade respiratória. Histórico de comorbidades relatado.,urgente
"Glicemia de jejum levemente alterada, indicado acompanhamento nutricional.",atencao
"Paciente relata bem-estar geral, sinais vitais normais. Acompanhado por familiar.",normal
Sinais de acidente vascular cerebral: perda de força e fala arrastada. Sem histórico médico relevante.,urgente
"Trauma craniano grave após acidente, paciente inconsciente. Acompanhado por familiar.",urgente
"Exame oftalmológico de rotina sem achados relevantes. Paciente do sexo feminino, 45 anos.",normal
"Paciente com febre alta e rigidez de nuca, suspeita de meningite. Histórico de comorbidades relatado.",urgente
"Exame de sangue dentro dos parâmetros normais, sem alterações significativas. Histórico de comorbidades relatado.",normal
"Pressão arterial levemente elevada, recomendado acompanhamento. Encaminhado pelo pronto atendimento.",atencao
"Raio-x de tórax sem alterações, paciente assintomático. Paciente do sexo feminino, 45 anos.",normal
Paciente apresenta dor torácica intensa e falta de ar súbita.,urgente
"Raio-x de tórax sem alterações, paciente assintomático. Encaminhado pelo pronto atendimento.",normal
"Resultado de exame de rotina normal, sem necessidade de intervenção. Paciente do sexo masculino, 62 anos.",normal
"Exame de sangue dentro dos parâmetros normais, sem alterações significativas. Acompanhado por familiar.",normal
"Resultado de exame de rotina normal, sem necessidade de intervenção. Acompanhado por familiar.",normal
"Pequena ferida com sinais iniciais de inflamação, sem pus. Histórico de comorbidades relatado.",atencao
"Exame de sangue dentro dos parâmetros normais, sem alterações significativas. Encaminhado pelo pronto atendimento.",normal
"Trauma craniano grave após acidente, paciente inconsciente. Acompanhado por familiar.",urgente
"Politraumatismo grave após queda de altura, necessita intervenção imediata. Sem histórico médico relevante.",urgente
"Glicemia de jejum levemente alterada, indicado acompanhamento nutricional. Sem histórico médico relevante.",atencao
"Paciente relata tosse persistente há uma semana, sem falta de ar.",atencao
Paciente apresenta dor torácica intensa e falta de ar súbita. Encaminhado pelo pronto atendimento.,urgente
"Paciente com febre alta e rigidez de nuca, suspeita de meningite. Sem histórico médico relevante.",urgente
"Resultado de exame de rotina normal, sem necessidade de intervenção. Encaminhado pelo pronto atendimento.",normal
"Politraumatismo grave após queda de altura, necessita intervenção imediata. Paciente do sexo feminino, 45 anos.",urgente
"Politraumatismo grave após queda de altura, necessita intervenção imediata. Paciente do sexo masculino, 62 anos.",urgente
"Hemograma completo dentro da normalidade, sem sinais de infecção. Encaminhado pelo pronto atendimento.",normal
"Resultado de exame de rotina normal, sem necessidade de intervenção. Encaminhado pelo pronto atendimento.",normal
"Glicemia de jejum levemente alterada, indicado acompanhamento nutricional.",atencao
Vacinação de rotina realizada sem intercorrências. Acompanhado por familiar.,normal
"Raio-x de tórax sem alterações, paciente assintomático. Paciente do sexo masculino, 62 anos.",normal
"Dor abdominal súbita e intensa com abdome em tábua, suspeita de abdome agudo. Paciente do sexo masculino, 62 anos.",urgente
"Hemograma completo dentro da normalidade, sem sinais de infecção. Paciente do sexo feminino, 45 anos.",normal
"Paciente relata bem-estar geral, sinais vitais normais. Encaminhado pelo pronto atendimento.",normal
"Pressão arterial levemente elevada, recomendado acompanhamento. Histórico de comorbidades relatado.",atencao
Reação alérgica grave com edema de glote e dificuldade respiratória.,urgente
"Resultado de exame de rotina normal, sem necessidade de intervenção. Paciente do sexo feminino, 45 anos.",normal
"Pressão arterial levemente elevada, recomendado acompanhamento. Paciente do sexo feminino, 45 anos.",atencao
Reação alérgica grave com edema de glote e dificuldade respiratória. Acompanhado por familiar.,urgente
"Raio-x de tórax sem alterações, paciente assintomático.",normal
"Pequena ferida com sinais iniciais de inflamação, sem pus. Sem histórico médico relevante.",atencao
"Dor abdominal súbita e intensa com abdome em tábua, suspeita de abdome agudo. Acompanhado por familiar.",urgente
Sinais de acidente vascular cerebral: perda de força e fala arrastada.,urgente
"Paciente comparece para avaliação preventiva anual, tudo normal. Histórico de comorbidades relatado.",normal
"Paciente relata cansaço e mal-estar leve nos últimos dias. Paciente do sexo masculino, 62 anos.",atencao
"Exame de sangue dentro dos parâmetros normais, sem alterações significativas. Encaminhado pelo pronto atendimento.",normal
"Paciente relata check-up de rotina, sem queixas relevantes. Acompanhado por familiar.",normal
"Queixa de dor abdominal leve a moderada, sem sinais de alarme. Paciente do sexo masculino, 62 anos.",atencao
Sinais de acidente vascular cerebral: perda de força e fala arrastada. Histórico de comorbidades relatado.,urgente
"Trauma craniano grave após acidente, paciente inconsciente. Acompanhado por familiar.",urgente
Paciente apresenta dor torácica intensa e falta de ar súbita. Sem histórico médico relevante.,urgente
Paciente com histórico de alergia relata leve reação cutânea. Acompanhado por familiar.,atencao
"Pequena ferida com sinais iniciais de inflamação, sem pus. Paciente do sexo masculino, 62 anos.",atencao
"Trauma craniano grave após acidente, paciente inconsciente. Encaminhado pelo pronto atendimento.",urgente
"Sinais vitais instáveis, saturação de oxigênio criticamente baixa. Encaminhado pelo pronto atendimento.",urgente
"Hemorragia intensa, paciente com sinais de choque hipovolêmico. Histórico de comorbidades relatado.",urgente
"Exame de sangue dentro dos parâmetros normais, sem alterações significativas. Sem histórico médico relevante.",normal
"Sinais de acidente vascular cerebral: perda de força e fala arrastada. Paciente do sexo feminino, 45 anos.",urgente
"Paciente relata check-up de rotina, sem queixas relevantes.",normal
Vacinação de rotina realizada sem intercorrências. Histórico de comorbidades relatado.,normal
"Hemograma completo dentro da normalidade, sem sinais de infecção. Encaminhado pelo pronto atendimento.",normal
"Sinais vitais instáveis, saturação de oxigênio criticamente baixa. Encaminhado pelo pronto atendimento.",urgente
"Trauma craniano grave após acidente, paciente inconsciente. Histórico de comorbidades relatado.",urgente
"Exame de sangue dentro dos parâmetros normais, sem alterações significativas. Acompanhado por familiar.",normal
"Dor lombar moderada, sem sinais neurológicos associados. Encaminhado pelo pronto atendimento.",atencao
"Paciente relata bem-estar geral, sinais vitais normais. Paciente do sexo feminino, 45 anos.",normal
"Trauma craniano grave após acidente, paciente inconsciente. Paciente do sexo masculino, 62 anos.",urgente
"Pressão arterial levemente elevada, recomendado acompanhamento. Acompanhado por familiar.",atencao
"Dor lombar moderada, sem sinais neurológicos associados. Paciente do sexo feminino, 45 anos.",atencao
"Raio-x de tórax sem alterações, paciente assintomático. Sem histórico médico relevante.",normal
"Glicemia de jejum levemente alterada, indicado acompanhamento nutricional.",atencao
Reação alérgica grave com edema de glote e dificuldade respiratória.,urgente
"Glicemia de jejum levemente alterada, indicado acompanhamento nutricional. Sem histórico médico relevante.",atencao
Sinais de acidente vascular cerebral: perda de força e fala arrastada. Histórico de comorbidades relatado.,urgente
"Paciente com febre alta e rigidez de nuca, suspeita de meningite. Paciente do sexo masculino, 62 anos.",urgente
Paciente com convulsões recorrentes e perda de consciência.,urgente
"Politraumatismo grave após queda de altura, necessita intervenção imediata. Paciente do sexo feminino, 45 anos.",urgente
"Hemorragia intensa, paciente com sinais de choque hipovolêmico. Paciente do sexo feminino, 45 anos.",urgente
Paciente apresenta dor torácica intensa e falta de ar súbita. Encaminhado pelo pronto atendimento.,urgente
"Hemograma completo dentro da normalidade, sem sinais de infecção. Paciente do sexo masculino, 62 anos.",normal
"Exame oftalmológico de rotina sem achados relevantes. Paciente do sexo feminino, 45 anos.",normal
"Exame indica leve alteração em enzimas hepáticas, necessita reavaliação. Sem histórico médico relevante.",atencao
Paciente com histórico de alergia relata leve reação cutânea.,atencao
Reação alérgica grave com edema de glote e dificuldade respiratória. Sem histórico médico relevante.,urgente
"Exame indica leve alteração em enzimas hepáticas, necessita reavaliação. Sem histórico médico relevante.",atencao
"Paciente com febre alta e rigidez de nuca, suspeita de meningite. Encaminhado pelo pronto atendimento.",urgente
"Queixa de dor abdominal leve a moderada, sem sinais de alarme. Paciente do sexo feminino, 45 anos.",atencao
"Sinais vitais instáveis, saturação de oxigênio criticamente baixa. Paciente do sexo feminino, 45 anos.",urgente
Sinais de acidente vascular cerebral: perda de força e fala arrastada. Sem histórico médico relevante.,urgente
Exame oftalmológico de rotina sem achados relevantes. Encaminhado pelo pronto atendimento.,normal
"Paciente com febre alta e rigidez de nuca, suspeita de meningite. Paciente do sexo masculino, 62 anos.",urgente
"Hemograma completo dentro da normalidade, sem sinais de infecção. Sem histórico médico relevante.",normal
"Vacinação de rotina realizada sem intercorrências. Paciente do sexo masculino, 62 anos.",normal
"Exame de sangue dentro dos parâmetros normais, sem alterações significativas. Acompanhado por familiar.",normal
"Raio-x de tórax sem alterações, paciente assintomático. Acompanhado por familiar.",normal
"Resultado de exame de rotina normal, sem necessidade de intervenção. Histórico de comorbidades relatado.",normal
"Exame indica leve alteração em enzimas hepáticas, necessita reavaliação. Encaminhado pelo pronto atendimento.",atencao
"Queixa de dor abdominal leve a moderada, sem sinais de alarme. Acompanhado por familiar.",atencao
"Pequena ferida com sinais iniciais de inflamação, sem pus. Acompanhado por familiar.",atencao
"Politraumatismo grave após queda de altura, necessita intervenção imediata.",urgente
"Trauma craniano grave após acidente, paciente inconsciente. Sem histórico médico relevante.",urgente
"Glicemia de jejum levemente alterada, indicado acompanhamento nutricional. Acompanhado por familiar.",atencao
"Raio-x de tórax sem alterações, paciente assintomático. Paciente do sexo feminino, 45 anos.",normal
"Paciente com febre alta e rigidez de nuca, suspeita de meningite. Sem histórico médico relevante.",urgente
"Paciente com febre baixa persistente há 3 dias, sem outros sintomas graves. Paciente do sexo feminino, 45 anos.",atencao
"Sinais de acidente vascular cerebral: perda de força e fala arrastada. Paciente do sexo feminino, 45 anos.",urgente
Paciente com histórico de alergia relata leve reação cutânea.,atencao
"Sinais vitais instáveis, saturação de oxigênio criticamente baixa. Encaminhado pelo pronto atendimento.",urgente
"Raio-x de tórax sem alterações, paciente assintomático. Sem histórico médico relevante.",normal
"Dor abdominal súbita e intensa com abdome em tábua, suspeita de abdome agudo.",urgente
"Paciente relata bem-estar geral, sinais vitais normais. Acompanhado por familiar.",normal
Paciente com convulsões recorrentes e perda de consciência.,urgente
Sinais de acidente vascular cerebral: perda de força e fala arrastada.,urgente
"Paciente relata tosse persistente há uma semana, sem falta de ar. Paciente do sexo feminino, 45 anos.",atencao
"Exame de sangue dentro dos parâmetros normais, sem alterações significativas. Encaminhado pelo pronto atendimento.",normal
"Raio-x de tórax sem alterações, paciente assintomático. Paciente do sexo feminino, 45 anos.",normal
"Paciente relata bem-estar geral, sinais vitais normais. Paciente do sexo masculino, 62 anos.",normal
Paciente com histórico de alergia relata leve reação cutânea. Sem histórico médico relevante.,atencao
"Dor lombar moderada, sem sinais neurológicos associados. Histórico de comorbidades relatado.",atencao
"Paciente com febre baixa persistente há 3 dias, sem outros sintomas graves. Acompanhado por familiar.",atencao
"Consulta de retorno, paciente estável, sem sintomas novos. Encaminhado pelo pronto atendimento.",normal
"Pressão arterial levemente elevada, recomendado acompanhamento. Sem histórico médico relevante.",atencao
Paciente com histórico de alergia relata leve reação cutânea. Histórico de comorbidades relatado.,atencao
"Raio-x de tórax sem alterações, paciente assintomático. Paciente do sexo feminino, 45 anos.",normal
"Paciente apresenta dor torácica intensa e falta de ar súbita. Paciente do sexo feminino, 45 anos.",urgente
"Paciente relata check-up de rotina, sem queixas relevantes. Sem histórico médico relevante.",normal
"Pequena ferida com sinais iniciais de inflamação, sem pus. Acompanhado por familiar.",atencao
"Dor lombar moderada, sem sinais neurológicos associados.",atencao
"Hemograma completo dentro da normalidade, sem sinais de infecção. Histórico de comorbidades relatado.",normal
"Paciente comparece para avaliação preventiva anual, tudo normal. Paciente do sexo masculino, 62 anos.",normal
"Paciente relata bem-estar geral, sinais vitais normais. Paciente do sexo masculino, 62 anos.",normal
"Sinais vitais instáveis, saturação de oxigênio criticamente baixa. Acompanhado por familiar.",urgente
"Glicemia de jejum levemente alterada, indicado acompanhamento nutricional. Histórico de comorbidades relatado.",atencao
"Pequena ferida com sinais iniciais de inflamação, sem pus. Histórico de comorbidades relatado.",atencao
"Paciente com febre alta e rigidez de nuca, suspeita de meningite.",urgente
"Queixa de dor abdominal leve a moderada, sem sinais de alarme. Paciente do sexo feminino, 45 anos.",atencao
Vacinação de rotina realizada sem intercorrências. Histórico de comorbidades relatado.,normal
"Paciente com convulsões recorrentes e perda de consciência. Paciente do sexo masculino, 62 anos.",urgente
"Raio-x de tórax sem alterações, paciente assintomático. Histórico de comorbidades relatado.",normal
Reação alérgica grave com edema de glote e dificuldade respiratória. Acompanhado por familiar.,urgente
Paciente relata cansaço e mal-estar leve nos últimos dias. Encaminhado pelo pronto atendimento.,atencao
"Pequena ferida com sinais iniciais de inflamação, sem pus. Acompanhado por familiar.",atencao
"Paciente com febre baixa persistente há 3 dias, sem outros sintomas graves. Sem histórico médico relevante.",atencao
"Queixa de dor abdominal leve a moderada, sem sinais de alarme. Paciente do sexo feminino, 45 anos.",atencao
"Sinais vitais instáveis, saturação de oxigênio criticamente baixa. Paciente do sexo feminino, 45 anos.",urgente
"Sinais vitais instáveis, saturação de oxigênio criticamente baixa. Paciente do sexo feminino, 45 anos.",urgente
"Pequena ferida com sinais iniciais de inflamação, sem pus. Sem histórico médico relevante.",atencao
Exame oftalmológico de rotina sem achados relevantes. Acompanhado por familiar.,normal
"Paciente com histórico de alergia relata leve reação cutânea. Paciente do sexo masculino, 62 anos.",atencao
"Exame indica leve alteração em enzimas hepáticas, necessita reavaliação.",atencao
"Exame indica leve alteração em enzimas hepáticas, necessita reavaliação. Paciente do sexo feminino, 45 anos.",atencao
"Consulta de retorno, paciente estável, sem sintomas novos. Encaminhado pelo pronto atendimento.",normal
"Hemograma completo dentro da normalidade, sem sinais de infecção. Sem histórico médico relevante.",normal
"Dor lombar moderada, sem sinais neurológicos associados. Paciente do sexo masculino, 62 anos.",atencao
"Sinais vitais instáveis, saturação de oxigênio criticamente baixa. Histórico de comorbidades relatado.",urgente
Paciente apresenta dor torácica intensa e falta de ar súbita. Acompanhado por familiar.,urgente
"Exame de sangue dentro dos parâmetros normais, sem alterações significativas. Encaminhado pelo pronto atendimento.",normal
"Pressão arterial levemente elevada, recomendado acompanhamento. Acompanhado por familiar.",atencao
"Paciente comparece para avaliação preventiva anual, tudo normal.",normal
"Pequena ferida com sinais iniciais de inflamação, sem pus. Encaminhado pelo pronto atendimento.",atencao
"Paciente com febre baixa persistente há 3 dias, sem outros sintomas graves. Paciente do sexo masculino, 62 anos.",atencao
"Raio-x de tórax sem alterações, paciente assintomático. Histórico de comorbidades relatado.",normal
"Pequena ferida com sinais iniciais de inflamação, sem pus. Paciente do sexo feminino, 45 anos.",atencao
"Dor lombar moderada, sem sinais neurológicos associados. Encaminhado pelo pronto atendimento.",atencao
"Politraumatismo grave após queda de altura, necessita intervenção imediata. Paciente do sexo feminino, 45 anos.",urgente
"Paciente relata tosse persistente há uma semana, sem falta de ar.",atencao
Paciente apresenta dor torácica intensa e falta de ar súbita. Sem histórico médico relevante.,urgente
"Politraumatismo grave após queda de altura, necessita intervenção imediata.",urgente
"Reação alérgica grave com edema de glote e dificuldade respiratória. Paciente do sexo feminino, 45 anos.",urgente
